date,market,stock_id,name,open,high,low,close,volume
2026-03-23,TWSE,1101,台泥,23.15,23.15,22.6,22.8,35180198.0
2026-03-23,TWSE,1102,亞泥,34.15,34.45,33.9,34.2,9517443.0
2026-03-23,TWSE,1103,嘉泥,13.4,13.55,13.4,13.5,385027.0
2026-03-23,TWSE,1104,環泥,29.1,29.4,28.8,29.2,626004.0
2026-03-23,TWSE,1108,幸福,14.85,14.95,14.8,14.8,175946.0
2026-03-23,TWSE,1109,信大,15.2,15.25,15.15,15.15,194509.0
2026-03-23,TWSE,1110,東泥,14.95,15.1,14.8,14.9,494425.0
2026-03-23,TWSE,1201,味全,13.5,13.6,13.4,13.45,721996.0
2026-03-23,TWSE,1203,味王,38.25,38.95,38.25,38.4,14313.0
2026-03-23,TWSE,1210,大成,53.0,54.3,52.8,54.0,2316406.0
2026-03-23,TWSE,1213,大飲,9.51,9.97,9.51,9.97,11000.0
2026-03-23,TWSE,1215,卜蜂,147.0,149.0,147.0,147.5,512337.0
2026-03-23,TWSE,1216,統一,70.0,70.2,69.5,69.5,12506836.0
2026-03-23,TWSE,1217,愛之味,10.15,10.25,10.1,10.15,511521.0
2026-03-23,TWSE,1218,泰山,18.95,19.1,18.85,19.0,775646.0
2026-03-23,TWSE,1219,福壽,13.65,13.9,13.45,13.65,746036.0
2026-03-23,TWSE,1220,台榮,12.5,12.5,12.25,12.4,255411.0
2026-03-23,TWSE,1225,福懋油,32.05,32.55,31.4,31.5,400121.0
2026-03-23,TWSE,1227,佳格,30.25,30.25,29.5,30.05,1708650.0
2026-03-23,TWSE,1229,聯華,43.3,44.5,43.05,44.05,2265012.0
2026-03-23,TWSE,1231,聯華食,87.7,90.3,86.7,89.6,340237.0
2026-03-23,TWSE,1232,大統益,149.0,150.0,148.0,149.5,98176.0
2026-03-23,TWSE,1233,天仁,29.65,29.95,29.35,29.7,23963.0
2026-03-23,TWSE,1234,黑松,35.65,35.9,35.65,35.65,148055.0
2026-03-23,TWSE,1235,興泰,40.5,42.3,38.4,38.4,78069.0
2026-03-23,TWSE,1236,宏亞,26.75,27.2,25.9,26.85,38357.0
2026-03-23,TWSE,1256,鮮活果汁-KY,152.5,152.5,147.0,147.0,80005.0
2026-03-23,TWSE,1301,台塑,47.25,48.0,44.75,44.75,47616296.0
2026-03-23,TWSE,1303,南亞,74.7,77.0,72.6,73.8,70639678.0
2026-03-23,TWSE,1304,台聚,15.45,16.55,15.45,16.55,59483647.0
2026-03-23,TWSE,1305,華夏,18.0,18.45,18.0,18.45,21417417.0
2026-03-23,TWSE,1307,三芳,33.5,35.2,33.5,34.95,2002700.0
2026-03-23,TWSE,1308,亞聚,16.95,18.15,16.6,18.15,34177238.0
2026-03-23,TWSE,1309,台達化,19.15,19.9,19.0,19.9,10004285.0
2026-03-23,TWSE,1310,台苯,12.65,13.25,11.6,11.6,45869441.0
2026-03-23,TWSE,1312,國喬,14.65,15.15,14.2,14.25,36209047.0
2026-03-23,TWSE,1313,聯成,13.15,13.95,13.05,13.05,23292161.0
2026-03-23,TWSE,1314,中石化,8.66,9.03,8.4,8.4,105307408.0
2026-03-23,TWSE,1315,達新,62.2,63.8,62.2,63.1,19911.0
2026-03-23,TWSE,1316,上曜,12.4,12.65,12.25,12.3,2088299.0
2026-03-23,TWSE,1319,東陽,81.4,83.4,81.0,82.0,1378572.0
2026-03-23,TWSE,1321,大洋,32.85,33.05,32.7,32.8,184564.0
2026-03-23,TWSE,1323,永裕,19.1,19.25,18.9,19.15,65386.0
2026-03-23,TWSE,1324,地球,10.85,11.05,10.6,10.65,395385.0
2026-03-23,TWSE,1325,恆大,27.75,28.2,27.3,27.5,691727.0
2026-03-23,TWSE,1326,台化,44.8,45.8,43.05,43.1,34324848.0
2026-03-23,TWSE,1337,再生-KY,6.31,6.49,6.18,6.29,2137946.0
2026-03-23,TWSE,1338,廣華-KY,15.2,15.2,14.6,14.8,266881.0
2026-03-23,TWSE,1339,昭輝,41.15,41.5,40.8,41.05,70851.0
2026-03-23,TWSE,1340,勝悅-KY,7.0,7.12,6.81,6.9,272118.0
2026-03-23,TWSE,1341,富林-KY,58.7,58.7,58.4,58.5,7004.0
2026-03-23,TWSE,1342,八貫,84.7,86.1,83.5,84.8,550516.0
2026-03-23,TWSE,1402,遠東新,26.2,26.2,25.8,25.9,22428846.0
2026-03-23,TWSE,1409,新纖,16.0,16.45,15.8,15.85,6355890.0
2026-03-23,TWSE,1410,南染,31.0,31.65,30.85,31.0,37013.0
2026-03-23,TWSE,1413,宏洲,9.32,9.95,9.32,9.6,45750.0
2026-03-23,TWSE,1414,東和,17.9,18.15,17.55,17.75,148609.0
2026-03-23,TWSE,1416,廣豐,11.6,11.65,11.45,11.5,277414.0
2026-03-23,TWSE,1417,嘉裕,9.48,9.48,9.06,9.14,503513.0
2026-03-23,TWSE,1418,東華,18.55,18.9,18.4,18.9,40240.0
2026-03-23,TWSE,1419,新紡,58.4,60.9,58.3,60.5,154089.0
2026-03-23,TWSE,1423,利華,40.0,40.1,39.8,40.0,42003.0
2026-03-23,TWSE,1432,大魯閣,17.95,18.2,17.75,18.0,951768.0
2026-03-23,TWSE,1434,福懋,16.1,16.8,16.0,16.55,3120023.0
2026-03-23,TWSE,1435,中福,18.15,18.15,17.5,18.15,10004.0
2026-03-23,TWSE,1436,華友聯,55.5,55.5,53.7,53.9,345640.0
2026-03-23,TWSE,1437,勤益控,30.55,30.55,30.1,30.45,79345.0
2026-03-23,TWSE,1438,三地開發,29.0,30.0,28.9,28.9,25566.0
2026-03-23,TWSE,1439,雋揚,27.2,28.1,27.2,27.9,22399.0
2026-03-23,TWSE,1440,南紡,12.9,13.05,12.8,12.9,1402946.0
2026-03-23,TWSE,1441,大東,9.95,9.95,9.92,9.92,15325.0
2026-03-23,TWSE,1442,名軒,27.1,27.65,26.8,26.8,592344.0
2026-03-23,TWSE,1443,立益物流,24.15,24.3,24.15,24.15,6327.0
2026-03-23,TWSE,1444,力麗,6.3,6.4,6.24,6.26,897342.0
2026-03-23,TWSE,1445,大宇,12.4,12.8,12.4,12.65,28021.0
2026-03-23,TWSE,1446,宏和,17.2,17.3,16.85,16.9,451762.0
2026-03-23,TWSE,1447,力鵬,5.24,5.44,5.14,5.14,3792161.0
2026-03-23,TWSE,1449,佳和,12.4,12.8,12.15,12.15,3413693.0
2026-03-23,TWSE,1451,年興,17.9,17.9,17.7,17.8,236486.0
2026-03-23,TWSE,1452,宏益,11.2,11.25,11.15,11.15,37442.0
2026-03-23,TWSE,1453,大將,12.25,12.8,12.25,12.5,77560.0
2026-03-23,TWSE,1454,台富,12.7,12.8,12.6,12.7,46706.0
2026-03-23,TWSE,1455,集盛,9.12,9.32,9.05,9.23,1156806.0
2026-03-23,TWSE,1456,怡華,15.6,15.65,14.6,14.9,581567.0
2026-03-23,TWSE,1457,宜進,16.0,16.4,15.95,16.2,275135.0
2026-03-23,TWSE,1459,聯發,11.7,11.7,11.55,11.65,304564.0
2026-03-23,TWSE,1460,宏遠,7.02,7.2,6.9,7.1,1439290.0
2026-03-23,TWSE,1463,強盛新,17.55,17.95,17.35,17.9,108225.0
2026-03-23,TWSE,1464,得力,10.5,10.5,10.3,10.35,776625.0
2026-03-23,TWSE,1465,偉全,12.05,12.15,11.85,11.9,421479.0
2026-03-23,TWSE,1466,聚隆,16.8,18.0,16.75,17.55,283140.0
2026-03-23,TWSE,1467,南緯,7.06,7.11,7.01,7.02,207065.0
2026-03-23,TWSE,1468,昶和,11.6,11.8,11.45,11.7,41001.0
2026-03-23,TWSE,1470,大統新創,22.05,22.6,22.05,22.6,3000.0
2026-03-23,TWSE,1471,首利,13.9,14.5,13.25,13.8,4760435.0
2026-03-23,TWSE,1472,三洋實業,94.2,98.4,94.2,96.6,26492.0
2026-03-23,TWSE,1473,台南,23.95,23.95,23.2,23.5,117232.0
2026-03-23,TWSE,1474,弘裕,10.05,10.05,9.95,9.97,79167.0
2026-03-23,TWSE,1475,業旺,28.55,28.55,27.9,28.1,39655.0
2026-03-23,TWSE,1476,儒鴻,361.5,365.0,354.0,355.5,944764.0
2026-03-23,TWSE,1477,聚陽,280.0,282.0,267.0,267.0,2037452.0
2026-03-23,TWSE,1503,士電,200.0,202.5,191.0,191.0,4429604.0
2026-03-23,TWSE,1504,東元,65.2,66.5,64.8,64.8,8320040.0
2026-03-23,TWSE,1506,正道,11.5,11.5,11.15,11.35,126054.0
2026-03-23,TWSE,1512,瑞利,7.6,8.06,7.25,7.66,93451.0
2026-03-23,TWSE,1513,中興電,155.0,160.5,152.5,154.0,3779051.0
2026-03-23,TWSE,1514,亞力,112.0,117.0,110.5,111.5,3286787.0
2026-03-23,TWSE,1515,力山,24.7,24.75,23.9,24.0,484638.0
2026-03-23,TWSE,1516,川飛,21.8,22.35,21.6,22.25,36534.0
2026-03-23,TWSE,1517,利奇,11.4,11.6,11.25,11.6,216980.0
2026-03-23,TWSE,1519,華城,894.0,939.0,883.0,890.0,4091391.0
2026-03-23,TWSE,1521,大億,24.35,25.0,24.3,25.0,27135.0
2026-03-23,TWSE,1522,堤維西,33.05,33.2,32.35,32.35,1257073.0
2026-03-23,TWSE,1524,耿鼎,28.35,28.85,28.15,28.25,471698.0
2026-03-23,TWSE,1525,江申,61.0,61.4,60.5,60.8,14034.0
2026-03-23,TWSE,1526,日馳,17.85,18.1,17.4,17.7,85843.0
2026-03-23,TWSE,1527,鑽全,32.3,32.3,31.8,32.1,507443.0
2026-03-23,TWSE,1528,恩德,22.35,23.25,21.95,22.2,3413388.0
2026-03-23,TWSE,1529,樂事綠能,25.75,26.55,25.2,25.95,1601025.0
2026-03-23,TWSE,1530,亞崴,26.0,26.05,25.75,26.0,32100.0
2026-03-23,TWSE,1531,高林股,12.9,12.9,12.5,12.6,172546.0
2026-03-23,TWSE,1532,勤美,22.25,22.4,22.05,22.05,854848.0
2026-03-23,TWSE,1533,車王電,30.15,30.35,30.0,30.05,72130.0
2026-03-23,TWSE,1535,中宇,52.5,53.6,52.1,53.2,120893.0
2026-03-23,TWSE,1536,和大,49.9,52.0,49.1,51.8,1692906.0
2026-03-23,TWSE,1537,廣隆,122.0,123.5,122.0,122.5,68802.0
2026-03-23,TWSE,1538,正峰,16.85,16.85,16.2,16.2,10018.0
2026-03-23,TWSE,1539,巨庭,17.15,17.15,16.5,16.55,147689.0
2026-03-23,TWSE,1540,喬福,22.35,22.45,21.8,21.9,188399.0
2026-03-23,TWSE,1541,錩泰,25.7,25.7,24.85,25.15,26076.0
2026-03-23,TWSE,1558,伸興,92.5,92.8,91.5,92.2,38960.0
2026-03-23,TWSE,1560,中砂,464.5,464.5,438.5,442.0,4067392.0
2026-03-23,TWSE,1563,巧新,39.95,40.75,39.35,40.0,574835.0
2026-03-23,TWSE,1568,倉佑,22.0,22.7,22.0,22.7,115801.0
2026-03-23,TWSE,1582,信錦,84.1,87.2,83.8,84.8,3044234.0
2026-03-23,TWSE,1583,程泰,44.5,44.7,43.1,43.65,38491.0
2026-03-23,TWSE,1587,吉茂,34.7,35.15,33.75,34.4,632756.0
2026-03-23,TWSE,1589,永冠-KY,6.96,7.71,6.95,7.71,1243650.0
2026-03-23,TWSE,1590,亞德客-KY,948.0,973.0,946.0,963.0,312605.0
2026-03-23,TWSE,1597,直得,80.3,88.3,77.9,83.8,3698918.0
2026-03-23,TWSE,1598,岱宇,19.9,20.1,19.45,19.75,231420.0
2026-03-23,TWSE,1603,華電,32.95,33.6,32.65,33.15,278944.0
2026-03-23,TWSE,1604,聲寶,24.85,25.0,24.75,24.85,295281.0
2026-03-23,TWSE,1605,華新,30.9,30.9,30.0,30.15,31560960.0
2026-03-23,TWSE,1608,華榮,32.5,32.85,31.5,31.95,2891563.0
2026-03-23,TWSE,1609,大亞,33.0,33.25,32.5,32.9,3822109.0
2026-03-23,TWSE,1611,中電,13.4,13.6,13.25,13.35,736667.0
2026-03-23,TWSE,1612,宏泰,34.45,35.5,34.45,35.0,695995.0
2026-03-23,TWSE,1614,三洋電,31.5,31.8,31.35,31.75,40846.0
2026-03-23,TWSE,1615,大山,45.25,45.7,45.1,45.4,92252.0
2026-03-23,TWSE,1616,億泰,23.5,24.2,23.2,23.9,885319.0
2026-03-23,TWSE,1617,榮星,14.8,14.8,14.3,14.45,167017.0
2026-03-23,TWSE,1618,合機,40.2,40.6,39.6,39.9,570626.0
2026-03-23,TWSE,1623,大東電,198.0,202.5,195.0,200.0,147299.0
2026-03-23,TWSE,1626,艾美特-KY,10.05,10.2,10.0,10.15,165605.0
2026-03-23,TWSE,1702,南僑,35.3,35.35,35.05,35.15,306552.0
2026-03-23,TWSE,1707,葡萄王,118.5,120.0,118.5,119.0,104799.0
2026-03-23,TWSE,1708,東鹼,45.5,46.75,42.5,42.6,19838765.0
2026-03-23,TWSE,1709,和益,17.95,18.35,17.9,18.2,1036766.0
2026-03-23,TWSE,1710,東聯,15.45,16.85,15.35,15.7,34829548.0
2026-03-23,TWSE,1711,永光,40.5,40.5,38.2,38.45,11824983.0
2026-03-23,TWSE,1712,興農,44.2,45.0,43.95,44.0,811816.0
2026-03-23,TWSE,1713,國化,47.2,48.2,47.1,48.05,230328.0
2026-03-23,TWSE,1714,和桐,9.66,9.75,9.47,9.48,4955725.0
2026-03-23,TWSE,1717,長興,64.0,65.4,61.2,62.0,46320125.0
2026-03-23,TWSE,1718,中纖,7.65,7.95,7.63,7.66,15474003.0
2026-03-23,TWSE,1720,生達,61.5,62.3,61.3,61.9,256286.0
2026-03-23,TWSE,1721,三晃,18.5,18.8,18.0,18.05,1756076.0
2026-03-23,TWSE,1722,台肥,46.95,46.95,45.5,45.55,6761673.0
2026-03-23,TWSE,1723,中碳,72.8,78.7,72.8,75.7,2049815.0
2026-03-23,TWSE,1725,元禎,32.55,32.7,31.25,32.0,430852.0
2026-03-23,TWSE,1726,永記,75.0,75.4,75.0,75.3,30277.0
2026-03-23,TWSE,1727,中華化,52.3,54.2,51.9,52.1,4192760.0
2026-03-23,TWSE,1730,花仙子,52.8,52.9,52.5,52.5,43617.0
2026-03-23,TWSE,1731,美吾華,21.8,21.8,21.7,21.75,125883.0
2026-03-23,TWSE,1732,毛寶,28.1,28.1,26.2,26.35,548504.0
2026-03-23,TWSE,1733,五鼎,28.8,29.1,28.45,28.8,96386.0
2026-03-23,TWSE,1734,杏輝,30.7,31.0,30.6,30.95,217156.0
2026-03-23,TWSE,1735,日勝化,27.8,27.8,26.4,27.05,702116.0
2026-03-23,TWSE,1736,喬山,119.0,126.0,119.0,125.5,479776.0
2026-03-23,TWSE,1737,臺鹽,31.25,31.5,31.25,31.45,105410.0
2026-03-23,TWSE,1752,南光,36.0,36.3,36.0,36.05,62371.0
2026-03-23,TWSE,1760,寶齡富錦,61.0,64.6,60.9,64.0,392623.0
2026-03-23,TWSE,1762,中化生,28.55,29.0,28.3,28.7,135562.0
2026-03-23,TWSE,1773,勝一,146.0,147.0,142.0,142.0,882340.0
2026-03-23,TWSE,1776,展宇,15.9,16.05,15.5,15.5,67838.0
2026-03-23,TWSE,1783,和康生,44.15,44.15,42.65,43.75,38686.0
2026-03-23,TWSE,1786,科妍,64.2,65.5,62.9,64.0,293221.0
2026-03-23,TWSE,1789,神隆,20.4,21.05,20.25,20.8,760940.0
2026-03-23,TWSE,1795,美時,209.0,211.5,205.0,205.5,3512139.0
2026-03-23,TWSE,1802,台玻,52.5,54.6,51.9,51.9,83159209.0
2026-03-23,TWSE,1805,寶徠,11.7,12.15,11.3,12.0,1201937.0
2026-03-23,TWSE,1806,冠軍,8.54,8.6,8.51,8.52,399732.0
2026-03-23,TWSE,1808,潤隆,30.4,30.75,30.1,30.35,952146.0
2026-03-23,TWSE,1809,中釉,30.0,30.7,29.25,29.25,8300018.0
2026-03-23,TWSE,1810,和成,17.7,18.0,17.2,17.65,541417.0
2026-03-23,TWSE,1817,凱撒衛,38.65,38.65,38.6,38.65,38014.0
2026-03-23,TWSE,1903,士紙,49.1,49.8,48.25,48.65,217314.0
2026-03-23,TWSE,1904,正隆,17.3,18.75,17.2,18.35,4361697.0
2026-03-23,TWSE,1905,華紙,11.75,12.85,11.75,12.5,16609485.0
2026-03-23,TWSE,1906,寶隆,11.0,11.35,10.9,11.0,238375.0
2026-03-23,TWSE,1907,永豐餘,23.9,25.5,23.75,24.5,3130854.0
2026-03-23,TWSE,1909,榮成,9.12,9.56,9.07,9.24,4154628.0
2026-03-23,TWSE,2002,中鋼,19.8,19.85,19.05,19.05,79823450.0
2026-03-23,TWSE,2006,東和鋼鐵,70.5,71.6,69.0,71.2,6861855.0
2026-03-23,TWSE,2007,燁興,8.65,9.29,8.63,8.83,3274731.0
2026-03-23,TWSE,2008,高興昌,27.75,27.8,27.55,27.55,23868.0
2026-03-23,TWSE,2009,第一銅,40.55,41.2,39.95,40.45,1861487.0
2026-03-23,TWSE,2010,春源,24.95,25.15,24.75,24.8,2252973.0
2026-03-23,TWSE,2012,春雨,16.6,16.6,16.05,16.15,82605.0
2026-03-23,TWSE,2013,中鋼構,47.0,47.0,44.0,44.0,774482.0
2026-03-23,TWSE,2014,中鴻,20.0,20.35,18.15,18.15,51756027.0
2026-03-23,TWSE,2015,豐興,66.8,68.1,66.8,67.3,393071.0
2026-03-23,TWSE,2017,官田鋼,10.7,10.95,10.2,10.3,4095185.0
2026-03-23,TWSE,2020,美亞,24.2,24.5,23.95,24.3,554556.0
2026-03-23,TWSE,2022,聚亨,9.49,9.64,9.25,9.26,3010837.0
2026-03-23,TWSE,2023,燁輝,14.5,14.55,14.35,14.5,2558682.0
2026-03-23,TWSE,2024,志聯,15.5,15.5,14.7,14.75,14583.0
2026-03-23,TWSE,2025,千興,12.75,12.75,12.75,12.75,1473841.0
2026-03-23,TWSE,2027,大成鋼,37.5,37.85,36.55,36.6,24717963.0
2026-03-23,TWSE,2028,威致,19.35,20.4,19.05,19.05,1080183.0
2026-03-23,TWSE,2029,盛餘,20.55,20.8,20.4,20.4,184742.0
2026-03-23,TWSE,2030,彰源,16.55,17.1,16.0,16.0,2651749.0
2026-03-23,TWSE,2031,新光鋼,40.4,41.0,40.2,40.65,1591891.0
2026-03-23,TWSE,2032,新鋼,17.3,17.9,16.05,16.4,6621297.0
2026-03-23,TWSE,2033,佳大,15.8,16.1,15.35,15.35,224239.0
2026-03-23,TWSE,2034,允強,20.6,20.75,20.1,20.1,1521653.0
2026-03-23,TWSE,2038,海光,16.65,17.25,15.45,15.5,7365446.0
2026-03-23,TWSE,2049,上銀,219.5,228.0,214.5,221.0,2539274.0
2026-03-23,TWSE,2059,川湖,3280.0,3490.0,3275.0,3400.0,770838.0
2026-03-23,TWSE,2062,橋椿,19.95,20.2,19.75,19.95,231976.0
2026-03-23,TWSE,2069,運錩,18.85,19.0,18.25,18.25,383594.0
2026-03-23,TWSE,2101,南港,35.35,35.35,34.35,34.6,1672474.0
2026-03-23,TWSE,2102,泰豐,18.55,19.05,18.55,18.95,285418.0
2026-03-23,TWSE,2103,台橡,20.2,21.15,19.9,19.95,11145710.0
2026-03-23,TWSE,2104,國際中橡,12.4,12.5,12.15,12.15,4410004.0
2026-03-23,TWSE,2105,正新,29.85,29.95,29.6,29.7,9108279.0
2026-03-23,TWSE,2106,建大,17.65,17.8,17.4,17.65,1209310.0
2026-03-23,TWSE,2107,厚生,24.95,25.1,24.5,25.05,293043.0
2026-03-23,TWSE,2108,南帝,26.0,26.75,25.7,25.8,3132336.0
2026-03-23,TWSE,2109,華豐,15.1,15.15,15.05,15.15,104988.0
2026-03-23,TWSE,2114,鑫永銓,88.7,88.9,88.2,88.3,52336.0
2026-03-23,TWSE,2115,六暉-KY,21.35,21.35,21.0,21.15,85129.0
2026-03-23,TWSE,2201,裕隆,27.5,27.7,27.2,27.2,2472250.0
2026-03-23,TWSE,2204,中華,53.8,55.0,53.8,54.6,915125.0
2026-03-23,TWSE,2206,三陽工業,57.7,58.1,57.3,58.1,1151630.0
2026-03-23,TWSE,2207,和泰車,480.5,485.0,472.0,481.0,438563.0
2026-03-23,TWSE,2208,台船,21.45,21.9,20.7,20.7,3984937.0
2026-03-23,TWSE,2211,長榮鋼,99.6,102.5,99.3,101.0,1291314.0
2026-03-23,TWSE,2227,裕日車,49.4,50.8,49.35,49.85,34197.0
2026-03-23,TWSE,2228,劍麟,86.4,87.9,84.0,87.4,317866.0
2026-03-23,TWSE,2231,為升,88.0,90.4,88.0,90.4,992270.0
2026-03-23,TWSE,2233,宇隆,232.0,236.0,226.0,226.0,734898.0
2026-03-23,TWSE,2236,百達-KY,106.0,107.0,101.0,104.0,1071387.0
2026-03-23,TWSE,2239,英利-KY,22.35,23.2,21.95,22.1,161248.0
2026-03-23,TWSE,2241,艾姆勒,31.85,32.35,30.5,30.9,650711.0
2026-03-23,TWSE,2243,宏旭-KY,18.5,19.0,18.0,19.0,783225.0
2026-03-23,TWSE,2247,汎德永業,236.0,236.0,232.0,232.0,73022.0
2026-03-23,TWSE,2248,華勝-KY,49.0,50.3,48.8,48.95,76100.0
2026-03-23,TWSE,2250,IKKA-KY,63.5,64.5,63.1,63.5,47135.0
2026-03-23,TWSE,2254,巨鎧精密-創,70.6,70.7,69.3,70.2,39001.0
2026-03-23,TWSE,2258,鴻華先進-創,30.0,30.5,30.0,30.2,688641.0
2026-03-23,TWSE,2301,光寶科,153.5,157.0,151.0,154.0,10396796.0
2026-03-23,TWSE,2302,麗正,18.5,18.85,18.3,18.3,674809.0
2026-03-23,TWSE,2303,聯電,56.0,57.0,55.7,56.7,67645150.0
2026-03-23,TWSE,2305,全友,14.6,14.6,14.0,14.0,1077221.0
2026-03-23,TWSE,2308,台達電,1405.0,1425.0,1385.0,1410.0,13897471.0
2026-03-23,TWSE,2312,金寶,22.85,23.35,22.6,22.75,10323023.0
2026-03-23,TWSE,2313,華通,212.5,230.5,212.5,216.0,66884183.0
2026-03-23,TWSE,2314,台揚,18.05,18.25,17.8,18.25,315613.0
2026-03-23,TWSE,2316,楠梓電,107.0,109.5,102.0,102.0,7837453.0
2026-03-23,TWSE,2317,鴻海,196.5,197.5,195.0,196.0,78470506.0
2026-03-23,TWSE,2321,東訊,,,,,4.0
2026-03-23,TWSE,2323,中環,13.0,13.0,11.8,11.95,97837599.0
2026-03-23,TWSE,2324,仁寶,32.95,33.0,32.15,32.7,31674443.0
2026-03-23,TWSE,2327,國巨*,255.0,258.0,250.5,253.0,28523889.0
2026-03-23,TWSE,2328,廣宇,44.0,45.8,43.65,44.65,2401312.0
2026-03-23,TWSE,2329,華泰,57.8,58.7,56.2,56.8,28200861.0
2026-03-23,TWSE,2330,台積電,1790.0,1815.0,1785.0,1810.0,41950478.0
2026-03-23,TWSE,2331,精英,22.8,23.15,22.35,22.4,1985999.0
2026-03-23,TWSE,2332,友訊,15.1,15.15,14.8,14.8,2906104.0
2026-03-23,TWSE,2337,旺宏,147.0,155.0,147.0,148.5,44574953.0
2026-03-23,TWSE,2338,光罩,46.7,48.0,45.75,46.0,6824453.0
2026-03-23,TWSE,2340,台亞,28.3,29.3,27.7,28.4,3235785.0
2026-03-23,TWSE,2342,茂矽,31.0,31.75,30.5,31.0,1199024.0
2026-03-23,TWSE,2344,華邦電,103.5,109.5,103.5,107.5,148725825.0
2026-03-23,TWSE,2345,智邦,1540.0,1610.0,1535.0,1565.0,3284775.0
2026-03-23,TWSE,2347,聯強,76.4,77.9,75.6,77.0,4421365.0
2026-03-23,TWSE,2348,海悅,80.5,80.9,78.7,78.9,658035.0
2026-03-23,TWSE,2349,錸德,15.8,15.8,14.25,14.25,31378843.0
2026-03-23,TWSE,2351,順德,89.2,96.8,87.7,95.3,3037371.0
2026-03-23,TWSE,2352,佳世達,24.0,24.25,23.7,23.7,3515084.0
2026-03-23,TWSE,2353,宏碁,27.3,27.3,26.8,27.0,25670757.0
2026-03-23,TWSE,2354,鴻準,51.0,52.4,50.4,51.4,3890365.0
2026-03-23,TWSE,2355,敬鵬,43.55,44.75,42.8,43.15,9623857.0
2026-03-23,TWSE,2356,英業達,41.8,42.95,41.6,41.95,11652776.0
2026-03-23,TWSE,2357,華碩,572.0,575.0,560.0,563.0,5151764.0
2026-03-23,TWSE,2359,所羅門,110.5,116.0,110.0,112.0,959064.0
2026-03-23,TWSE,2360,致茂,1475.0,1540.0,1470.0,1520.0,3534736.0
2026-03-23,TWSE,2362,藍天,37.4,38.6,37.25,37.9,436159.0
2026-03-23,TWSE,2363,矽統,49.15,50.2,48.4,49.1,2648524.0
2026-03-23,TWSE,2364,倫飛,62.0,62.0,61.0,61.0,99640.0
2026-03-23,TWSE,2365,昆盈,32.5,34.25,32.25,33.2,1312813.0
2026-03-23,TWSE,2367,燿華,69.0,75.5,68.9,71.3,103569516.0
2026-03-23,TWSE,2368,金像電,940.0,981.0,936.0,962.0,10072083.0
2026-03-23,TWSE,2369,菱生,35.8,38.75,33.55,34.05,159578955.0
2026-03-23,TWSE,2371,大同,30.4,31.25,30.0,30.4,14028292.0
2026-03-23,TWSE,2373,震旦行,55.2,56.0,55.2,55.6,31324.0
2026-03-23,TWSE,2374,佳能,68.0,72.7,67.2,69.8,5375990.0
2026-03-23,TWSE,2375,凱美,77.8,79.0,76.8,77.5,769974.0
2026-03-23,TWSE,2376,技嘉,242.5,242.5,231.5,232.5,9411287.0
2026-03-23,TWSE,2377,微星,92.2,92.5,90.5,91.2,7762523.0
2026-03-23,TWSE,2379,瑞昱,474.0,478.5,469.0,469.5,3350896.0
2026-03-23,TWSE,2380,虹光,6.6,6.6,6.42,6.42,509059.0
2026-03-23,TWSE,2382,廣達,278.5,282.5,275.5,280.0,15477296.0
2026-03-23,TWSE,2383,台光電,2715.0,2880.0,2705.0,2795.0,3517744.0
2026-03-23,TWSE,2385,群光,121.0,122.0,119.5,121.0,4951964.0
2026-03-23,TWSE,2387,精元,45.3,46.2,44.25,44.45,2725826.0
2026-03-23,TWSE,2388,威盛,54.4,60.4,52.1,56.1,29667111.0
2026-03-23,TWSE,2390,云辰,10.65,10.95,10.55,10.7,727177.0
2026-03-23,TWSE,2392,正崴,36.0,37.0,35.6,36.25,867135.0
2026-03-23,TWSE,2393,億光,68.7,68.7,66.3,67.0,4227753.0
2026-03-23,TWSE,2395,研華,336.5,339.5,330.0,330.0,2600820.0
2026-03-23,TWSE,2397,友通,54.1,54.3,53.2,53.5,158677.0
2026-03-23,TWSE,2399,映泰,35.3,36.0,34.2,34.3,9150302.0
2026-03-23,TWSE,2401,凌陽,20.75,21.0,20.4,20.5,2284898.0
2026-03-23,TWSE,2402,毅嘉,49.0,50.5,48.6,49.6,3049475.0
2026-03-23,TWSE,2404,漢唐,908.0,922.0,901.0,915.0,2947514.0
2026-03-23,TWSE,2405,輔信,16.05,16.1,15.3,15.35,3609614.0
2026-03-23,TWSE,2406,國碩,36.4,38.45,35.65,35.75,30770510.0
2026-03-23,TWSE,2408,南亞科,217.5,230.0,217.5,223.0,78708847.0
2026-03-23,TWSE,2409,友達,15.15,15.3,14.85,14.85,88089012.0
2026-03-23,TWSE,2412,中華電,133.0,135.0,133.0,134.0,16555906.0
2026-03-23,TWSE,2413,環科,53.8,57.4,53.1,54.5,4103324.0
2026-03-23,TWSE,2414,精技,43.4,43.5,43.05,43.2,200463.0
2026-03-23,TWSE,2415,錩新,29.3,30.35,29.05,30.2,733588.0
2026-03-23,TWSE,2417,圓剛,35.25,35.45,34.05,34.8,229124.0
2026-03-23,TWSE,2419,仲琦,30.05,30.25,29.05,29.3,2337056.0
2026-03-23,TWSE,2420,新巨,51.9,52.7,51.5,52.0,216244.0
2026-03-23,TWSE,2421,建準,138.0,139.5,132.0,133.0,5559163.0
2026-03-23,TWSE,2423,固緯,47.4,49.5,47.1,48.8,122343.0
2026-03-23,TWSE,2424,隴華,27.35,27.9,25.0,25.5,104071.0
2026-03-23,TWSE,2425,承啟,31.2,31.45,29.05,29.3,433021.0
2026-03-23,TWSE,2426,鼎元,34.8,34.95,33.5,33.5,2643421.0
2026-03-23,TWSE,2427,三商電,23.5,23.85,23.15,23.5,570059.0
2026-03-23,TWSE,2428,興勤,156.0,157.0,154.0,154.5,467549.0
2026-03-23,TWSE,2429,銘旺科,47.0,47.3,44.8,45.8,336988.0
2026-03-23,TWSE,2430,燦坤,22.0,22.0,21.7,22.0,178334.0
2026-03-23,TWSE,2431,聯昌,12.85,12.9,12.2,12.2,755019.0
2026-03-23,TWSE,2432,倚天酷碁-創,28.15,28.15,26.85,27.05,87139.0
2026-03-23,TWSE,2433,互盛電,46.0,46.0,45.1,45.6,90508.0
2026-03-23,TWSE,2434,統懋,29.15,29.15,29.0,29.0,19003.0
2026-03-23,TWSE,2436,偉詮電,64.2,67.8,64.0,64.8,9199855.0
2026-03-23,TWSE,2438,翔耀,22.1,22.15,20.7,21.85,202436.0
2026-03-23,TWSE,2439,美律,82.8,84.2,82.4,83.3,1092916.0
2026-03-23,TWSE,2440,太空梭,14.15,14.6,13.9,14.6,353546.0
2026-03-23,TWSE,2441,超豐,90.0,93.6,88.5,90.8,6216015.0
2026-03-23,TWSE,2442,新美齊,20.45,20.75,20.0,20.35,2074218.0
2026-03-23,TWSE,2444,兆勁,14.3,14.3,13.2,13.6,978466.0
2026-03-23,TWSE,2449,京元電子,297.5,301.5,284.0,286.0,23004822.0
2026-03-23,TWSE,2450,神腦,29.0,29.05,28.8,28.9,198266.0
2026-03-23,TWSE,2451,創見,279.5,283.0,272.0,272.0,4034203.0
2026-03-23,TWSE,2453,凌群,54.0,54.8,53.6,54.0,484320.0
2026-03-23,TWSE,2454,聯發科,1630.0,1645.0,1600.0,1625.0,7225878.0
2026-03-23,TWSE,2455,全新,217.5,240.0,216.5,221.5,27525809.0
2026-03-23,TWSE,2457,飛宏,26.7,26.95,26.1,26.4,3131364.0
2026-03-23,TWSE,2458,義隆,134.0,135.5,130.5,131.0,3465226.0
2026-03-23,TWSE,2459,敦吉,64.8,66.1,64.4,65.3,57353.0
2026-03-23,TWSE,2460,建通,25.6,25.6,24.55,24.75,298550.0
2026-03-23,TWSE,2461,光群雷,16.55,16.75,16.1,16.75,628775.0
2026-03-23,TWSE,2462,良得電,22.1,22.5,21.9,22.0,238875.0
2026-03-23,TWSE,2464,盟立,70.9,75.7,70.6,72.5,3830818.0
2026-03-23,TWSE,2465,麗臺,56.6,56.6,56.6,56.6,553592.0
2026-03-23,TWSE,2466,冠西電,50.0,51.0,48.6,48.65,258693.0
2026-03-23,TWSE,2467,志聖,350.0,379.0,347.0,355.5,2323772.0
2026-03-23,TWSE,2468,華經,39.6,40.4,37.8,37.85,883079.0
2026-03-23,TWSE,2471,資通,53.0,53.5,52.4,52.4,211645.0
2026-03-23,TWSE,2472,立隆電,125.5,126.5,122.0,125.5,3966836.0
2026-03-23,TWSE,2474,可成,181.5,185.0,181.5,182.5,2829496.0
2026-03-23,TWSE,2476,鉅祥,80.9,83.6,80.2,82.9,1029959.0
2026-03-23,TWSE,2477,美隆電,24.4,24.5,23.75,24.1,143105.0
2026-03-23,TWSE,2478,大毅,66.3,66.3,63.8,64.0,2543702.0
2026-03-23,TWSE,2480,敦陽科,140.0,141.0,139.0,139.5,345173.0
2026-03-23,TWSE,2481,強茂,91.3,93.4,90.1,92.0,10308330.0
2026-03-23,TWSE,2482,連宇,16.0,16.0,15.6,15.65,140749.0
2026-03-23,TWSE,2483,百容,20.75,21.2,20.55,20.7,70070.0
2026-03-23,TWSE,2484,希華,27.6,27.9,26.7,26.75,1236020.0
2026-03-23,TWSE,2485,兆赫,69.5,78.5,69.0,78.0,15232146.0
2026-03-23,TWSE,2486,一詮,140.0,146.0,140.0,143.0,2282581.0
2026-03-23,TWSE,2488,漢平,47.8,48.1,46.8,47.35,139076.0
2026-03-23,TWSE,2489,瑞軒,34.8,36.1,34.8,34.8,27124787.0
2026-03-23,TWSE,2491,吉祥全,16.3,16.9,16.0,16.05,216252.0
2026-03-23,TWSE,2492,華新科,125.5,126.5,123.0,123.5,6028902.0
2026-03-23,TWSE,2493,揚博,112.0,114.5,109.0,109.5,992778.0
2026-03-23,TWSE,2495,普安,37.5,38.5,35.9,36.6,12450206.0
2026-03-23,TWSE,2496,卓越,68.8,68.8,68.0,68.7,20179.0
2026-03-23,TWSE,2497,怡利電,43.1,44.9,41.95,43.8,595798.0
2026-03-23,TWSE,2498,宏達電,41.0,42.1,40.5,40.9,5900373.0
2026-03-23,TWSE,2501,國建,23.3,23.5,23.05,23.3,2413548.0
2026-03-23,TWSE,2504,國產,37.3,38.15,37.05,38.1,2668643.0
2026-03-23,TWSE,2505,國揚,19.1,19.3,18.75,18.95,429868.0
2026-03-23,TWSE,2506,太設,8.9,8.99,8.78,8.99,132184.0
2026-03-23,TWSE,2509,全坤建,14.5,14.5,14.15,14.2,154535.0
2026-03-23,TWSE,2511,太子,8.07,8.1,8.02,8.06,1305036.0
2026-03-23,TWSE,2514,龍邦,13.55,13.55,13.45,13.45,506293.0
2026-03-23,TWSE,2515,中工,14.0,14.25,13.8,13.85,9866904.0
2026-03-23,TWSE,2516,新建,14.2,15.3,14.1,14.6,1259662.0
2026-03-23,TWSE,2520,冠德,32.7,32.7,31.25,31.75,2796696.0
2026-03-23,TWSE,2524,京城,38.5,38.6,37.65,37.9,220557.0
2026-03-23,TWSE,2527,宏璟,29.3,29.5,29.0,29.05,244419.0
2026-03-23,TWSE,2528,皇普,27.0,27.25,26.8,27.0,657811.0
2026-03-23,TWSE,2530,華建,24.7,25.15,24.6,25.1,530928.0
2026-03-23,TWSE,2534,宏盛,19.65,19.7,19.35,19.7,810033.0
2026-03-23,TWSE,2535,達欣工,72.6,74.1,71.7,73.5,353705.0
2026-03-23,TWSE,2536,宏普,22.15,22.3,22.0,22.2,260030.0
2026-03-23,TWSE,2537,聯上發,10.35,10.35,10.05,10.15,994177.0
2026-03-23,TWSE,2538,基泰,10.2,10.2,9.99,10.05,738336.0
2026-03-23,TWSE,2539,櫻花建,47.4,48.0,47.2,47.7,1016114.0
2026-03-23,TWSE,2540,愛山林,46.05,46.85,46.05,46.2,533655.0
2026-03-23,TWSE,2542,興富發,35.7,35.75,35.5,35.65,4059804.0
2026-03-23,TWSE,2543,皇昌,65.2,68.6,64.8,65.0,4822303.0
2026-03-23,TWSE,2545,皇翔,36.0,36.0,35.6,35.9,458021.0
2026-03-23,TWSE,2546,根基,83.1,83.7,82.5,82.6,152509.0
2026-03-23,TWSE,2547,日勝生,10.85,10.85,10.7,10.7,3971344.0
2026-03-23,TWSE,2548,華固,117.0,118.5,115.5,117.5,2777319.0
2026-03-23,TWSE,2597,潤弘,150.5,154.0,150.0,152.5,720317.0
2026-03-23,TWSE,2601,益航,6.19,6.32,6.0,6.02,2994454.0
2026-03-23,TWSE,2603,長榮,208.0,208.5,202.5,204.0,19045399.0
2026-03-23,TWSE,2605,新興,40.0,41.45,39.2,39.85,29777896.0
2026-03-23,TWSE,2606,裕民,58.1,59.0,57.8,58.6,2685939.0
2026-03-23,TWSE,2607,榮運,51.2,52.2,51.2,51.5,617342.0
2026-03-23,TWSE,2608,嘉里大榮,30.55,30.55,30.2,30.4,326765.0
2026-03-23,TWSE,2609,陽明,51.6,54.1,51.6,52.8,26350654.0
2026-03-23,TWSE,2610,華航,18.6,18.8,18.4,18.55,24454097.0
2026-03-23,TWSE,2611,志信,14.65,14.65,14.4,14.5,294466.0
2026-03-23,TWSE,2612,中航,55.0,55.8,55.0,55.2,463161.0
2026-03-23,TWSE,2613,中櫃,23.5,23.55,23.2,23.3,413258.0
2026-03-23,TWSE,2614,東森,20.1,20.1,19.5,20.05,1156858.0
2026-03-23,TWSE,2615,萬海,77.1,79.1,74.8,74.8,15284713.0
2026-03-23,TWSE,2616,山隆,18.7,19.7,18.7,19.5,2504971.0
2026-03-23,TWSE,2617,台航,30.5,30.7,30.2,30.55,787836.0
2026-03-23,TWSE,2618,長榮航,34.1,35.1,33.8,34.85,46397629.0
2026-03-23,TWSE,2630,亞航,48.0,52.5,47.75,49.15,2932140.0
2026-03-23,TWSE,2633,台灣高鐵,26.1,26.1,25.8,25.9,5361690.0
2026-03-23,TWSE,2634,漢翔,48.85,51.2,48.5,49.1,6595994.0
2026-03-23,TWSE,2636,台驊控股,68.5,68.6,67.8,68.3,397048.0
2026-03-23,TWSE,2637,慧洋-KY,69.1,69.1,68.1,68.1,1683220.0
2026-03-23,TWSE,2642,宅配通,23.5,23.75,23.25,23.75,136070.0
2026-03-23,TWSE,2645,長榮航太,147.0,153.5,145.5,146.5,1658516.0
2026-03-23,TWSE,2646,星宇航空,21.25,21.35,21.0,21.15,4153474.0
2026-03-23,TWSE,2701,萬企,10.6,10.65,10.6,10.65,91158.0
2026-03-23,TWSE,2702,華園,11.3,11.3,10.95,11.2,142740.0
2026-03-23,TWSE,2704,國賓,42.0,42.1,41.4,41.75,256397.0
2026-03-23,TWSE,2705,六福,16.2,16.25,16.0,16.1,186235.0
2026-03-23,TWSE,2706,第一店,12.35,12.5,12.2,12.4,299244.0
2026-03-23,TWSE,2707,晶華,182.5,183.5,182.5,182.5,129282.0
2026-03-23,TWSE,2712,遠雄來,15.15,15.15,14.1,14.65,114331.0
2026-03-23,TWSE,2722,夏都,23.05,23.05,22.6,22.7,39638.0
2026-03-23,TWSE,2723,美食-KY,69.3,70.3,68.7,69.5,254674.0
2026-03-23,TWSE,2727,王品,223.0,225.0,222.0,223.0,273513.0
2026-03-23,TWSE,2731,雄獅,166.5,167.0,163.5,164.0,982861.0
2026-03-23,TWSE,2739,寒舍,34.0,34.0,33.5,33.6,76483.0
2026-03-23,TWSE,2748,雲品,39.45,39.45,38.75,38.9,132036.0
2026-03-23,TWSE,2753,八方雲集,179.5,181.0,179.0,179.5,253275.0
2026-03-23,TWSE,2762,世界健身-KY,72.2,72.4,72.1,72.2,27116.0
2026-03-23,TWSE,2801,彰銀,20.35,20.4,20.2,20.3,30469717.0
2026-03-23,TWSE,2812,台中銀,20.3,20.4,20.2,20.25,8707231.0
2026-03-23,TWSE,2816,旺旺保,30.4,31.4,29.95,30.5,238489.0
2026-03-23,TWSE,2820,華票,16.6,16.75,16.55,16.6,1390817.0
2026-03-23,TWSE,2832,台產,46.8,46.85,45.45,46.75,215931.0
2026-03-23,TWSE,2834,臺企銀,14.9,14.95,14.8,14.85,30816401.0
2026-03-23,TWSE,2836,高雄銀,12.1,12.15,12.05,12.05,1989455.0
2026-03-23,TWSE,2838,聯邦銀,19.8,20.0,19.55,19.9,2776506.0
2026-03-23,TWSE,2845,遠東銀,12.25,12.3,12.2,12.25,8232041.0
2026-03-23,TWSE,2849,安泰銀,12.75,12.9,12.7,12.75,314070.0
2026-03-23,TWSE,2850,新產,116.0,116.5,115.0,115.0,368781.0
2026-03-23,TWSE,2851,中再保,30.0,30.6,29.9,30.5,2537806.0
2026-03-23,TWSE,2852,第一保,25.5,25.6,25.2,25.55,422952.0
2026-03-23,TWSE,2855,統一證,31.25,31.6,31.1,31.35,5773371.0
2026-03-23,TWSE,2867,三商壽,7.48,7.48,7.36,7.47,16233488.0
2026-03-23,TWSE,2880,華南金,32.45,33.1,32.3,32.7,16895542.0
2026-03-23,TWSE,2881,富邦金,85.8,87.5,85.3,86.8,25217545.0
2026-03-23,TWSE,2882,國泰金,70.1,72.3,69.6,71.7,29547594.0
2026-03-23,TWSE,2883,凱基金,19.5,19.85,19.4,19.8,32094574.0
2026-03-23,TWSE,2884,玉山金,31.1,31.25,30.85,31.15,36774751.0
2026-03-23,TWSE,2885,元大金,43.25,44.35,42.9,44.2,22574961.0
2026-03-23,TWSE,2886,兆豐金,38.2,38.55,37.9,38.35,21636794.0
2026-03-23,TWSE,2887,台新新光金,24.0,24.15,23.45,23.9,131004906.0
2026-03-23,TWSE,2889,國票金,16.35,16.8,16.3,16.7,9021169.0
2026-03-23,TWSE,2890,永豐金,31.55,31.55,30.8,31.2,31081224.0
2026-03-23,TWSE,2891,中信金,50.8,51.7,50.4,51.5,61126020.0
2026-03-23,TWSE,2892,第一金,28.3,28.3,28.0,28.1,24512911.0
2026-03-23,TWSE,2897,王道銀行,9.75,9.9,9.7,9.84,4988942.0
2026-03-23,TWSE,2901,欣欣,23.35,24.25,22.9,23.95,119887.0
2026-03-23,TWSE,2903,遠百,22.9,23.05,22.8,23.0,1611549.0
2026-03-23,TWSE,2904,匯僑,16.6,16.65,16.5,16.65,78428.0
2026-03-23,TWSE,2905,三商,13.8,13.95,13.7,13.9,1481733.0
2026-03-23,TWSE,2906,高林,13.2,13.3,13.15,13.2,253964.0
2026-03-23,TWSE,2908,特力,19.85,19.95,19.8,19.9,191541.0
2026-03-23,TWSE,2910,統領,20.9,21.35,20.9,21.2,12087.0
2026-03-23,TWSE,2911,麗嬰房,5.1,5.1,5.08,5.08,18571.0
2026-03-23,TWSE,2912,統一超,215.0,215.5,210.0,210.0,6330229.0
2026-03-23,TWSE,2913,農林,12.45,12.5,12.2,12.2,1864502.0
2026-03-23,TWSE,2915,潤泰全,47.6,47.6,46.8,46.8,3572119.0
2026-03-23,TWSE,2923,鼎固-KY,17.8,17.8,17.05,17.5,126020.0
2026-03-23,TWSE,2929,淘帝-KY,6.5,6.52,6.24,6.32,343273.0
2026-03-23,TWSE,2939,永邑-KY,26.45,26.5,26.2,26.2,11037.0
2026-03-23,TWSE,2945,三商家購,40.75,41.0,40.05,40.95,12175.0
2026-03-23,TWSE,3002,歐格,20.05,20.05,19.4,19.4,288571.0
2026-03-23,TWSE,3003,健和興,49.5,50.1,48.8,48.85,398180.0
2026-03-23,TWSE,3004,豐達科,101.5,103.0,99.5,101.0,233021.0
2026-03-23,TWSE,3005,神基,126.5,129.5,124.5,129.0,5973153.0
2026-03-23,TWSE,3006,晶豪科,176.5,185.0,176.0,180.0,7868980.0
2026-03-23,TWSE,3008,大立光,2305.0,2305.0,2220.0,2235.0,1267005.0
2026-03-23,TWSE,3010,華立,126.0,128.0,125.0,125.0,964244.0
2026-03-23,TWSE,3011,今皓,12.8,13.05,12.5,12.7,776286.0
2026-03-23,TWSE,3013,晟銘電,95.4,101.0,94.5,98.5,2161159.0
2026-03-23,TWSE,3014,聯陽,115.5,117.5,114.5,115.5,677658.0
2026-03-23,TWSE,3015,全漢,50.2,51.6,49.95,50.4,264071.0
2026-03-23,TWSE,3016,嘉晶,60.7,63.1,59.5,61.1,1758812.0
2026-03-23,TWSE,3017,奇鋐,1985.0,2045.0,1955.0,1995.0,5032899.0
2026-03-23,TWSE,3018,隆銘綠能,12.1,12.1,12.1,12.1,2816.0
2026-03-23,TWSE,3019,亞光,126.0,129.5,125.0,125.5,2288673.0
2026-03-23,TWSE,3021,鴻名,16.15,16.25,15.95,16.05,89472.0
2026-03-23,TWSE,3022,威強電,66.0,66.3,64.0,64.0,1362132.0
2026-03-23,TWSE,3023,信邦,267.5,277.5,266.5,274.0,5976704.0
2026-03-23,TWSE,3024,憶聲,10.4,10.45,10.2,10.25,806623.0
2026-03-23,TWSE,3025,星通,60.8,62.7,59.9,60.5,706973.0
2026-03-23,TWSE,3026,禾伸堂,114.5,122.5,113.5,120.0,3188466.0
2026-03-23,TWSE,3027,盛達,20.25,20.25,19.7,19.95,447035.0
2026-03-23,TWSE,3028,增你強,52.3,54.9,51.8,53.8,4583714.0
2026-03-23,TWSE,3029,零壹,105.0,105.5,102.5,103.0,860577.0
2026-03-23,TWSE,3030,德律,244.0,252.0,241.0,241.5,3598439.0
2026-03-23,TWSE,3031,佰鴻,22.0,22.25,21.55,21.55,915869.0
2026-03-23,TWSE,3032,偉訓,64.5,68.5,62.8,64.5,912265.0
2026-03-23,TWSE,3033,威健,34.25,34.75,32.95,33.3,8766353.0
2026-03-23,TWSE,3034,聯詠,378.5,388.5,372.0,372.0,4531394.0
2026-03-23,TWSE,3035,智原,152.0,156.5,151.0,151.0,1555427.0
2026-03-23,TWSE,3036,文曄,246.5,248.0,236.0,241.0,12934743.0
2026-03-23,TWSE,3037,欣興,501.0,512.0,499.0,499.0,8936699.0
2026-03-23,TWSE,3038,全台,21.3,21.35,21.05,21.1,244054.0
2026-03-23,TWSE,3040,遠見,48.85,50.1,47.9,49.4,510665.0
2026-03-23,TWSE,3041,揚智,22.55,24.6,22.4,23.8,1520102.0
2026-03-23,TWSE,3042,晶技,91.2,92.6,90.5,91.1,1168330.0
2026-03-23,TWSE,3043,科風,20.8,20.85,20.4,20.4,140878.0
2026-03-23,TWSE,3044,健鼎,349.0,360.5,343.0,355.0,3209974.0
2026-03-23,TWSE,3045,台灣大,108.0,109.5,108.0,109.0,8067689.0
2026-03-23,TWSE,3046,建碁,48.2,48.35,47.1,47.15,135177.0
2026-03-23,TWSE,3047,訊舟,16.3,16.5,16.0,16.0,1151748.0
2026-03-23,TWSE,3048,益登,38.8,39.55,38.15,38.6,3052201.0
2026-03-23,TWSE,3049,精金,16.5,16.5,16.2,16.2,20727290.0
2026-03-23,TWSE,3050,鈺德,14.55,14.85,13.85,13.95,8588389.0
2026-03-23,TWSE,3051,力特,20.9,21.05,20.15,20.2,935076.0
2026-03-23,TWSE,3052,夆典,11.05,11.05,10.9,11.0,665458.0
2026-03-23,TWSE,3054,立萬利,75.0,75.0,71.3,71.3,339707.0
2026-03-23,TWSE,3055,蔚華科,57.7,59.8,57.7,58.1,143780.0
2026-03-23,TWSE,3056,富華新,14.75,14.75,14.4,14.4,1733083.0
2026-03-23,TWSE,3057,喬鼎,17.35,17.75,17.1,17.1,541843.0
2026-03-23,TWSE,3058,立德,10.05,10.1,9.72,9.77,1175890.0
2026-03-23,TWSE,3059,華晶科,37.1,38.15,36.7,37.25,1227073.0
2026-03-23,TWSE,3060,銘異,33.5,35.0,32.9,33.2,6602494.0
2026-03-23,TWSE,3062,建漢,23.15,23.7,23.0,23.15,1941683.0
2026-03-23,TWSE,3090,日電貿,92.5,94.2,91.4,93.0,1446472.0
2026-03-23,TWSE,3092,鴻碩,31.4,31.6,29.95,30.1,1117480.0
2026-03-23,TWSE,3094,聯傑,23.3,23.5,22.8,23.05,158224.0
2026-03-23,TWSE,3130,一零四,222.5,223.0,222.0,222.0,25627.0
2026-03-23,TWSE,3135,凌航,146.5,153.5,143.5,146.5,12072517.0
2026-03-23,TWSE,3138,耀登,168.0,177.5,167.5,171.0,2392237.0
2026-03-23,TWSE,3149,正達,44.8,46.55,43.75,45.05,4233322.0
2026-03-23,TWSE,3150,鈺寶-創,15.95,16.35,15.95,16.0,34410.0
2026-03-23,TWSE,3164,景岳,18.05,18.25,18.0,18.0,65687.0
2026-03-23,TWSE,3167,大量,310.5,337.5,310.5,325.0,758047.0
2026-03-23,TWSE,3168,眾福科,40.85,41.3,40.85,41.3,19262.0
2026-03-23,TWSE,3189,景碩,345.0,360.0,345.0,346.0,7125514.0
2026-03-23,TWSE,3209,全科,41.8,43.55,41.35,42.55,2689906.0
2026-03-23,TWSE,3229,晟鈦,20.85,21.45,20.25,21.45,573328.0
2026-03-23,TWSE,3231,緯創,127.5,128.5,125.0,125.5,32117582.0
2026-03-23,TWSE,3257,虹冠電,54.3,55.5,53.8,53.9,263932.0
2026-03-23,TWSE,3266,昇陽,13.6,13.7,13.25,13.25,59052.0
2026-03-23,TWSE,3296,勝德,21.6,21.75,21.05,21.35,62795.0
2026-03-23,TWSE,3305,昇貿,100.0,102.5,99.5,100.0,1993068.0
2026-03-23,TWSE,3308,聯德,21.9,21.95,21.05,21.25,185636.0
2026-03-23,TWSE,3311,閎暉,32.6,32.65,31.65,32.4,273845.0
2026-03-23,TWSE,3312,弘憶股,36.15,37.0,35.95,36.15,542205.0
2026-03-23,TWSE,3321,同泰,18.6,18.6,16.85,17.8,2100109.0
2026-03-23,TWSE,3338,泰碩,62.3,65.0,60.7,61.0,1497260.0
2026-03-23,TWSE,3346,麗清,19.6,19.9,18.8,18.9,619881.0
2026-03-23,TWSE,3356,奇偶,49.7,50.4,49.1,49.8,417648.0
2026-03-23,TWSE,3376,新日興,202.0,211.5,201.5,204.0,7118956.0
2026-03-23,TWSE,3380,明泰,35.3,35.6,34.2,34.2,3293952.0
2026-03-23,TWSE,3406,玉晶光,438.0,449.0,433.0,442.0,774516.0
2026-03-23,TWSE,3413,京鼎,293.0,303.5,291.0,297.0,818858.0
2026-03-23,TWSE,3416,融程電,149.0,153.5,147.5,151.0,364318.0
2026-03-23,TWSE,3419,譁裕,16.0,16.45,15.65,16.2,227313.0
2026-03-23,TWSE,3432,台端,16.15,16.8,16.1,16.45,88614.0
2026-03-23,TWSE,3437,榮創,22.55,24.0,21.6,22.15,2256172.0
2026-03-23,TWSE,3443,創意,2515.0,2645.0,2505.0,2590.0,1695758.0
2026-03-23,TWSE,3447,展達,39.2,40.2,39.2,39.2,194447.0
2026-03-23,TWSE,3450,聯鈞,265.0,273.0,259.5,261.5,16734476.0
2026-03-23,TWSE,3481,群創,24.95,26.0,24.95,25.0,269438843.0
2026-03-23,TWSE,3494,誠研,8.3,8.38,8.02,8.3,93670.0
2026-03-23,TWSE,3501,維熹,48.0,48.05,47.55,47.7,253814.0
2026-03-23,TWSE,3504,揚明光,56.8,58.1,55.3,55.7,636790.0
2026-03-23,TWSE,3515,華擎,210.0,222.5,210.0,216.0,537417.0
2026-03-23,TWSE,3518,柏騰,22.0,22.6,21.75,22.2,355271.0
2026-03-23,TWSE,3528,安馳,62.2,62.9,61.1,62.0,136960.0
2026-03-23,TWSE,3530,晶相光,61.0,61.0,57.5,57.7,237416.0
2026-03-23,TWSE,3532,台勝科,135.0,140.5,134.5,135.0,3019720.0
2026-03-23,TWSE,3533,嘉澤,2010.0,2030.0,1940.0,1985.0,2189650.0
2026-03-23,TWSE,3535,晶彩科,120.5,121.5,112.5,115.0,5910359.0
2026-03-23,TWSE,3543,州巧,49.85,50.7,48.55,49.45,1970446.0
2026-03-23,TWSE,3545,敦泰,41.45,43.25,41.2,42.35,876796.0
2026-03-23,TWSE,3550,聯穎,18.3,18.9,18.05,18.35,1242937.0
2026-03-23,TWSE,3557,嘉威,30.0,30.6,29.4,29.9,63008.0
2026-03-23,TWSE,3563,牧德,690.0,741.0,690.0,702.0,2240791.0
2026-03-23,TWSE,3576,聯合再生,21.5,23.0,21.1,21.5,40618305.0
2026-03-23,TWSE,3583,辛耘,415.0,463.5,414.0,436.0,7346835.0
2026-03-23,TWSE,3588,通嘉,51.0,51.0,49.25,49.7,298110.0
2026-03-23,TWSE,3591,艾笛森,20.1,20.85,20.0,20.0,2278632.0
2026-03-23,TWSE,3592,瑞鼎,212.0,213.0,208.5,208.5,429006.0
2026-03-23,TWSE,3593,力銘,12.5,12.8,12.15,12.8,28985.0
2026-03-23,TWSE,3596,智易,188.0,189.5,185.5,185.5,1568623.0
2026-03-23,TWSE,3605,宏致,59.3,59.8,58.5,58.5,1318101.0
2026-03-23,TWSE,3607,谷崧,14.0,14.45,13.95,14.15,639279.0
2026-03-23,TWSE,3617,碩天,170.5,175.0,170.0,171.0,168503.0
2026-03-23,TWSE,3622,洋華,58.1,59.0,57.9,58.0,291589.0
2026-03-23,TWSE,3645,達邁,75.0,80.5,74.3,77.3,8540487.0
2026-03-23,TWSE,3652,精聯,27.0,27.0,26.45,26.65,53000.0
2026-03-23,TWSE,3653,健策,3605.0,3895.0,3605.0,3850.0,1335878.0
2026-03-23,TWSE,3661,世芯-KY,3300.0,3335.0,3185.0,3190.0,1597957.0
2026-03-23,TWSE,3665,貿聯-KY,1755.0,1810.0,1700.0,1770.0,3317461.0
2026-03-23,TWSE,3669,圓展,34.1,34.3,32.85,34.2,68029.0
2026-03-23,TWSE,3673,TPK-KY,44.3,47.0,44.2,45.45,7039263.0
2026-03-23,TWSE,3679,新至陞,117.5,119.0,117.5,118.5,52806.0
2026-03-23,TWSE,3686,達能,18.4,18.75,18.25,18.5,292941.0
2026-03-23,TWSE,3694,海華,55.2,56.4,54.8,55.4,690544.0
2026-03-23,TWSE,3701,大眾控,62.0,63.8,59.3,59.4,4982237.0
2026-03-23,TWSE,3702,大聯大,89.4,93.4,88.6,90.7,18566732.0
2026-03-23,TWSE,3703,欣陸,22.4,22.9,22.35,22.7,1079567.0
2026-03-23,TWSE,3704,合勤控,32.3,33.2,32.05,32.25,1583490.0
2026-03-23,TWSE,3705,永信,52.0,52.6,51.9,52.0,242031.0
2026-03-23,TWSE,3706,神達,79.1,80.6,78.8,79.3,6843605.0
2026-03-23,TWSE,3708,上緯投控,120.0,120.0,116.0,118.0,1160801.0
2026-03-23,TWSE,3711,日月光投控,319.0,331.0,318.5,329.5,15488450.0
2026-03-23,TWSE,3712,永崴投控,23.05,23.95,22.9,23.05,492512.0
2026-03-23,TWSE,3714,富采,46.0,48.85,45.9,46.8,10098609.0
2026-03-23,TWSE,3715,定穎投控,170.0,177.0,167.5,170.5,26463662.0
2026-03-23,TWSE,3716,中化控股,33.15,33.25,32.95,33.05,142991.0
2026-03-23,TWSE,3717,聯嘉投控,20.2,21.75,19.8,21.05,4994368.0
2026-03-23,TWSE,4104,佳醫,76.3,76.3,75.5,75.6,223497.0
2026-03-23,TWSE,4106,雃博,22.5,22.5,21.95,22.25,153525.0
2026-03-23,TWSE,4108,懷特,13.2,13.25,12.9,13.05,184145.0
2026-03-23,TWSE,4119,旭富,51.5,52.5,51.3,51.8,138121.0
2026-03-23,TWSE,4133,亞諾法,23.5,23.5,23.0,23.0,123263.0
2026-03-23,TWSE,4137,麗豐-KY,106.5,108.0,106.5,106.5,132061.0
2026-03-23,TWSE,4142,國光生,17.95,18.6,17.8,18.35,2080140.0
2026-03-23,TWSE,4148,全宇生技-KY,41.2,44.9,41.0,42.8,276509.0
2026-03-23,TWSE,4155,訊映,13.45,13.45,13.2,13.2,275624.0
2026-03-23,TWSE,4164,承業醫,30.8,31.35,30.0,30.8,1077281.0
2026-03-23,TWSE,4190,佐登-KY,28.1,28.1,27.7,27.8,77795.0
2026-03-23,TWSE,4306,炎洲,13.55,13.6,13.35,13.35,2514742.0
2026-03-23,TWSE,4414,如興,11.75,12.0,11.35,11.55,1171755.0
2026-03-23,TWSE,4426,利勤,9.02,9.05,9.0,9.01,145545.0
2026-03-23,TWSE,4438,廣越,56.1,57.1,56.1,57.0,60504.0
2026-03-23,TWSE,4439,冠星-KY,80.0,82.0,80.0,82.0,112665.0
2026-03-23,TWSE,4440,宜新實業,17.0,17.1,16.9,17.05,37162.0
2026-03-23,TWSE,4441,振大環球,199.0,215.5,199.0,204.0,34364.0
2026-03-23,TWSE,4526,東台,31.5,35.3,31.1,34.0,16146735.0
2026-03-23,TWSE,4532,瑞智,26.05,27.05,25.85,26.6,1965333.0
2026-03-23,TWSE,4536,拓凱,150.0,152.0,148.5,150.0,327955.0
2026-03-23,TWSE,4540,全球傳動,43.55,45.95,42.7,43.7,1200747.0
2026-03-23,TWSE,4545,銘鈺,32.35,33.2,31.7,31.8,184656.0
2026-03-23,TWSE,4551,智伸科,125.0,132.5,124.5,131.0,576350.0
2026-03-23,TWSE,4552,力達-KY,21.0,21.0,20.05,20.95,118512.0
2026-03-23,TWSE,4555,氣立,36.7,37.7,36.3,36.5,176201.0
2026-03-23,TWSE,4557,永新-KY,60.1,61.9,59.2,60.6,109406.0
2026-03-23,TWSE,4560,強信-KY,32.35,32.7,32.05,32.25,478199.0
2026-03-23,TWSE,4562,穎漢,32.4,33.35,31.25,31.8,201489.0
2026-03-23,TWSE,4564,元翎,19.85,20.5,19.7,19.75,941546.0
2026-03-23,TWSE,4566,時碩工業,59.7,63.8,58.4,62.0,1474979.0
2026-03-23,TWSE,4569,六方科-KY,150.5,157.0,148.0,149.0,240404.0
2026-03-23,TWSE,4571,鈞興-KY,159.0,164.0,158.0,159.5,253277.0
2026-03-23,TWSE,4572,駐龍,144.5,144.5,141.0,143.0,6576.0
2026-03-23,TWSE,4576,大銀微系統,115.0,124.0,114.5,120.0,1138161.0
2026-03-23,TWSE,4581,光隆精密-KY,49.0,49.3,48.5,48.65,18300.0
2026-03-23,TWSE,4583,台灣精銳,621.0,642.0,621.0,626.0,129823.0
2026-03-23,TWSE,4585,達明,300.5,301.0,297.0,298.0,277394.0
2026-03-23,TWSE,4588,玖鼎電力,59.1,59.1,58.0,58.3,70075.0
2026-03-23,TWSE,4590,富田-創,71.3,77.5,71.3,73.1,120894.0
2026-03-23,TWSE,4720,德淵,16.55,16.75,16.2,16.2,1061793.0
2026-03-23,TWSE,4722,國精化,168.0,172.5,166.5,167.5,1778092.0
2026-03-23,TWSE,4736,泰博,123.0,124.0,122.5,123.0,185888.0
2026-03-23,TWSE,4737,華廣,62.1,65.5,62.1,64.0,324857.0
2026-03-23,TWSE,4739,康普,80.3,90.6,80.2,85.6,7078460.0
2026-03-23,TWSE,4746,台耀,53.4,56.0,52.7,55.5,1151319.0
2026-03-23,TWSE,4755,三福化,140.5,154.0,139.0,149.5,1624801.0
2026-03-23,TWSE,4763,材料*-KY,44.75,45.35,44.2,44.3,4252809.0
2026-03-23,TWSE,4764,雙鍵,139.0,145.5,133.5,135.5,3301351.0
2026-03-23,TWSE,4766,南寶,343.5,343.5,326.0,326.0,1040146.0
2026-03-23,TWSE,4770,上品,215.0,221.0,214.5,216.5,1116919.0
2026-03-23,TWSE,4771,望隼,190.0,201.0,190.0,196.5,310265.0
2026-03-23,TWSE,4807,日成-KY,16.6,16.6,15.9,15.95,34883.0
2026-03-23,TWSE,4904,遠傳,92.2,93.8,91.7,93.1,5250565.0
2026-03-23,TWSE,4906,正文,33.5,33.95,31.3,31.3,19415072.0
2026-03-23,TWSE,4912,聯德控股-KY,88.0,91.5,87.3,88.4,266521.0
2026-03-23,TWSE,4915,致伸,72.2,72.8,71.5,72.1,2794194.0
2026-03-23,TWSE,4916,事欣科,60.0,64.0,58.6,61.3,6023964.0
2026-03-23,TWSE,4919,新唐,105.5,111.5,100.5,102.0,32316711.0
2026-03-23,TWSE,4927,泰鼎-KY,44.5,44.75,41.7,42.1,11530238.0
2026-03-23,TWSE,4930,燦星網,20.05,20.05,19.95,19.95,114987.0
2026-03-23,TWSE,4934,太極,18.25,19.45,18.0,18.3,1767902.0
2026-03-23,TWSE,4935,茂林-KY,36.0,36.0,35.25,35.35,78324.0
2026-03-23,TWSE,4938,和碩,75.5,76.3,74.7,75.7,6462379.0
2026-03-23,TWSE,4942,嘉彰,37.15,37.7,37.15,37.5,87170.0
2026-03-23,TWSE,4943,康控-KY,11.8,11.8,11.7,11.7,2039.0
2026-03-23,TWSE,4949,有成精密,64.0,68.8,63.3,63.3,3111404.0
2026-03-23,TWSE,4952,凌通,42.1,42.3,41.0,41.0,432760.0
2026-03-23,TWSE,4956,光鋐,32.75,36.7,32.0,34.6,15962836.0
2026-03-23,TWSE,4958,臻鼎-KY,200.5,207.5,197.5,201.0,21316249.0
2026-03-23,TWSE,4960,誠美材,25.0,25.0,24.1,24.4,5490213.0
2026-03-23,TWSE,4961,天鈺,140.5,142.5,138.5,141.0,716434.0
2026-03-23,TWSE,4967,十銓,259.5,267.5,246.5,256.0,22877237.0
2026-03-23,TWSE,4968,立積,111.0,111.5,105.5,105.5,1330187.0
2026-03-23,TWSE,4976,佳凌,29.15,29.7,28.2,29.0,552330.0
2026-03-23,TWSE,4977,眾達-KY,187.5,195.5,185.0,185.0,14293121.0
2026-03-23,TWSE,4989,榮科,71.7,72.0,68.1,68.6,15438710.0
2026-03-23,TWSE,4994,傳奇,90.8,91.8,88.9,89.5,41265.0
2026-03-23,TWSE,4999,鑫禾,22.15,22.15,21.75,21.95,89830.0
2026-03-23,TWSE,5007,三星,55.0,56.6,55.0,56.6,45571.0
2026-03-23,TWSE,5203,訊連,62.2,63.6,61.5,62.5,243621.0
2026-03-23,TWSE,5215,科嘉-KY,38.05,38.45,37.85,37.85,11045.0
2026-03-23,TWSE,5222,全訊,132.0,138.5,131.5,132.0,994020.0
2026-03-23,TWSE,5225,東科-KY,91.0,92.0,89.5,92.0,554075.0
2026-03-23,TWSE,5234,達興材料,370.0,374.0,354.0,355.5,850050.0
2026-03-23,TWSE,5243,乙盛-KY,69.3,70.6,68.5,69.5,758671.0
2026-03-23,TWSE,5244,弘凱,38.05,38.9,36.95,36.95,870332.0
2026-03-23,TWSE,5258,虹堡,45.3,46.05,44.15,45.25,334103.0
2026-03-23,TWSE,5269,祥碩,1170.0,1190.0,1155.0,1160.0,843076.0
2026-03-23,TWSE,5283,禾聯碩,56.5,56.5,55.5,55.7,128761.0
2026-03-23,TWSE,5284,jpp-KY,280.0,286.5,275.5,278.5,1885314.0
2026-03-23,TWSE,5285,界霖,45.55,47.45,45.55,46.4,109176.0
2026-03-23,TWSE,5288,豐祥-KY,137.0,142.0,136.0,138.0,119894.0
2026-03-23,TWSE,5292,華懋,192.0,195.0,187.0,193.5,173148.0
2026-03-23,TWSE,5306,桂盟,87.3,89.3,86.2,88.7,190343.0
2026-03-23,TWSE,5388,中磊,77.3,78.3,76.2,76.8,1690064.0
2026-03-23,TWSE,5434,崇越,315.5,326.0,314.0,321.5,311351.0
2026-03-23,TWSE,5469,瀚宇博,83.0,83.7,81.7,82.1,2200321.0
2026-03-23,TWSE,5471,松翰,42.0,43.05,41.0,41.1,1070025.0
2026-03-23,TWSE,5484,慧友,39.4,40.25,38.0,39.25,432464.0
2026-03-23,TWSE,5515,建國,37.7,38.65,37.4,37.65,655764.0
2026-03-23,TWSE,5519,隆大,34.0,34.15,33.65,33.8,486725.0
2026-03-23,TWSE,5521,工信,13.2,13.2,12.4,12.4,9190219.0
2026-03-23,TWSE,5522,遠雄,68.6,69.5,68.6,68.6,847472.0
2026-03-23,TWSE,5525,順天,25.0,25.4,24.6,25.15,68640.0
2026-03-23,TWSE,5531,鄉林,8.9,8.96,8.8,8.96,397912.0
2026-03-23,TWSE,5533,皇鼎,14.35,14.7,14.2,14.35,323855.0
2026-03-23,TWSE,5534,長虹,75.6,76.2,75.2,76.1,547442.0
2026-03-23,TWSE,5538,東明-KY,29.95,29.95,29.65,29.8,50000.0
2026-03-23,TWSE,5546,永固-KY,16.1,16.5,16.05,16.45,40512.0
2026-03-23,TWSE,5607,遠雄港,46.2,46.5,45.65,46.15,485956.0
2026-03-23,TWSE,5608,四維航,16.7,16.75,16.5,16.65,1870542.0
2026-03-23,TWSE,5706,鳳凰,51.0,51.6,50.8,50.9,315483.0
2026-03-23,TWSE,5871,中租-KY,105.0,105.0,103.5,104.5,4371541.0
2026-03-23,TWSE,5876,上海商銀,38.4,39.25,38.35,39.1,6088042.0
2026-03-23,TWSE,5880,合庫金,22.8,22.85,22.55,22.55,24546222.0
2026-03-23,TWSE,5906,台南-KY,45.3,47.95,44.95,47.95,5027.0
2026-03-23,TWSE,5907,大洋-KY,5.9,6.0,5.82,5.93,196016.0
2026-03-23,TWSE,6005,群益證,27.35,27.65,27.1,27.2,9417647.0
2026-03-23,TWSE,6024,群益期,54.6,55.8,54.6,54.9,556936.0
2026-03-23,TWSE,6108,競國,16.4,16.9,16.4,16.55,300807.0
2026-03-23,TWSE,6112,邁達特,46.5,46.7,45.45,45.55,807754.0
2026-03-23,TWSE,6115,鎰勝,46.35,47.0,46.25,46.55,114061.0
2026-03-23,TWSE,6116,彩晶,8.7,8.76,8.48,8.51,18514730.0
2026-03-23,TWSE,6117,迎廣,72.9,74.0,71.1,71.5,395656.0
2026-03-23,TWSE,6120,達運,13.45,13.7,13.15,13.25,4337343.0
2026-03-23,TWSE,6128,上福,21.45,21.9,21.3,21.4,159242.0
2026-03-23,TWSE,6133,金橋,23.5,24.15,23.05,23.1,1991934.0
2026-03-23,TWSE,6136,富爾特,23.85,24.0,23.85,23.95,150863.0
2026-03-23,TWSE,6139,亞翔,580.0,605.0,574.0,598.0,3886927.0
2026-03-23,TWSE,6141,柏承,23.4,23.4,23.4,23.4,1156084.0
2026-03-23,TWSE,6142,友勁,10.1,10.1,9.85,9.85,949448.0
2026-03-23,TWSE,6152,百一,18.2,19.95,17.9,18.65,5279652.0
2026-03-23,TWSE,6153,嘉聯益,16.7,17.55,16.5,16.8,6260062.0
2026-03-23,TWSE,6155,鈞寶,47.0,47.0,44.55,44.6,952896.0
2026-03-23,TWSE,6164,華興,12.8,12.8,12.3,12.35,805575.0
2026-03-23,TWSE,6165,浪凡,47.55,48.5,47.2,47.3,519027.0
2026-03-23,TWSE,6166,凌華,60.0,60.5,59.0,59.5,450016.0
2026-03-23,TWSE,6168,宏齊,23.1,24.25,22.5,23.65,6999073.0
2026-03-23,TWSE,6176,瑞儀,92.1,94.9,91.7,93.0,3194433.0
2026-03-23,TWSE,6177,達麗,47.5,47.85,46.95,47.35,761702.0
2026-03-23,TWSE,6183,關貿,89.5,92.5,89.5,92.2,50659.0
2026-03-23,TWSE,6184,大豐電,46.85,48.2,46.85,47.75,95840.0
2026-03-23,TWSE,6189,豐藝,46.25,47.3,45.75,46.4,523407.0
2026-03-23,TWSE,6191,精成科,92.5,94.7,91.5,92.8,3024891.0
2026-03-23,TWSE,6192,巨路,116.0,118.0,115.0,116.5,184151.0
2026-03-23,TWSE,6196,帆宣,280.5,290.5,270.5,273.5,3574580.0
2026-03-23,TWSE,6197,佳必琪,186.0,191.0,180.0,180.0,4707670.0
2026-03-23,TWSE,6201,亞弘電,51.0,51.0,50.3,50.7,48565.0
2026-03-23,TWSE,6202,盛群,53.8,53.8,51.0,51.3,3257987.0
2026-03-23,TWSE,6205,詮欣,56.7,59.1,56.0,58.0,1469563.0
2026-03-23,TWSE,6206,飛捷,98.5,101.5,98.5,100.0,597385.0
2026-03-23,TWSE,6209,今國光,58.0,58.0,54.0,54.3,3724825.0
2026-03-23,TWSE,6213,聯茂,136.5,141.0,135.0,136.0,7553949.0
2026-03-23,TWSE,6214,精誠,112.0,112.5,109.0,109.5,1049800.0
2026-03-23,TWSE,6215,和椿,100.0,105.5,99.0,101.5,819497.0
2026-03-23,TWSE,6216,居易,25.75,25.75,25.2,25.4,102809.0
2026-03-23,TWSE,6224,聚鼎,39.8,39.8,38.6,39.5,173246.0
2026-03-23,TWSE,6225,天瀚,24.85,24.85,22.55,22.9,14623.0
2026-03-23,TWSE,6226,光鼎,14.65,14.65,13.4,13.45,2620567.0
2026-03-23,TWSE,6230,尼得科超眾,161.5,176.0,161.5,165.0,370534.0
2026-03-23,TWSE,6235,華孚,46.9,48.25,46.6,47.0,480227.0
2026-03-23,TWSE,6239,力成,193.5,196.0,190.0,192.0,9255412.0
2026-03-23,TWSE,6243,迅杰,31.55,31.55,30.5,30.6,84622.0
2026-03-23,TWSE,6257,矽格,128.0,128.5,125.0,125.5,4172126.0
2026-03-23,TWSE,6269,台郡,58.5,65.3,58.1,62.5,6755833.0
2026-03-23,TWSE,6271,同欣電,150.0,152.0,146.0,146.0,2994436.0
2026-03-23,TWSE,6272,驊陞,33.5,34.0,32.7,32.7,413870.0
2026-03-23,TWSE,6277,宏正,59.1,59.2,58.6,58.8,69569.0
2026-03-23,TWSE,6278,台表科,97.0,98.2,96.2,97.6,1254173.0
2026-03-23,TWSE,6281,全國電,60.5,61.1,60.0,60.4,184460.0
2026-03-23,TWSE,6282,康舒,47.0,47.3,45.8,46.05,16340817.0
2026-03-23,TWSE,6283,淳安,20.05,20.1,19.6,19.95,344400.0
2026-03-23,TWSE,6285,啟碁,166.0,171.0,164.0,166.0,11529566.0
2026-03-23,TWSE,6405,悅城,30.15,30.15,28.9,29.5,234410.0
2026-03-23,TWSE,6409,旭隼,731.0,771.0,722.0,757.0,657211.0
2026-03-23,TWSE,6412,群電,77.1,77.1,75.9,76.0,1034223.0
2026-03-23,TWSE,6414,樺漢,265.0,268.0,262.5,264.0,484089.0
2026-03-23,TWSE,6415,矽力*-KY,277.0,288.5,277.0,278.5,4311855.0
2026-03-23,TWSE,6416,瑞祺電通,80.0,82.3,79.8,80.0,158955.0
2026-03-23,TWSE,6426,統新,155.5,162.0,152.5,152.5,966498.0
2026-03-23,TWSE,6431,光麗-KY,21.9,21.9,20.8,21.5,112082.0
2026-03-23,TWSE,6438,迅得,170.0,182.0,169.5,170.0,17474753.0
2026-03-23,TWSE,6442,光聖,1905.0,2020.0,1850.0,1850.0,3092950.0
2026-03-23,TWSE,6443,元晶,45.0,47.25,44.3,44.75,35719917.0
2026-03-23,TWSE,6446,藥華藥,620.0,630.0,613.0,614.0,1998742.0
2026-03-23,TWSE,6449,鈺邦,154.5,158.0,153.5,156.0,385848.0
2026-03-23,TWSE,6451,訊芯-KY,261.5,281.5,261.5,280.5,2643254.0
2026-03-23,TWSE,6456,GIS-KY,61.0,61.7,58.8,59.8,8281549.0
2026-03-23,TWSE,6464,台數科,77.1,77.1,75.7,75.8,75159.0
2026-03-23,TWSE,6472,保瑞,468.5,471.5,452.5,453.5,979272.0
2026-03-23,TWSE,6477,安集,36.2,37.15,35.0,35.6,771274.0
2026-03-23,TWSE,6491,晶碩,274.5,281.5,274.0,280.0,306179.0
2026-03-23,TWSE,6504,南六,39.25,41.45,39.25,39.85,82387.0
2026-03-23,TWSE,6505,台塑化,57.0,58.9,54.5,54.7,37257945.0
2026-03-23,TWSE,6515,穎崴,7775.0,8450.0,7690.0,7885.0,658478.0
2026-03-23,TWSE,6525,捷敏-KY,82.5,82.8,81.1,81.1,204734.0
2026-03-23,TWSE,6526,達發,483.0,500.0,481.5,485.0,412534.0
2026-03-23,TWSE,6531,愛普*,535.0,543.0,521.0,523.0,4340652.0
2026-03-23,TWSE,6533,晶心科,191.5,207.0,189.0,198.5,2850812.0
2026-03-23,TWSE,6534,正瀚-創,86.3,89.2,86.3,87.5,336250.0
2026-03-23,TWSE,6541,泰福-KY,41.6,42.45,41.1,41.6,328842.0
2026-03-23,TWSE,6550,北極星藥業-KY,18.9,20.7,18.55,19.7,1900305.0
2026-03-23,TWSE,6552,易華電,27.05,27.45,26.5,27.0,112261.0
2026-03-23,TWSE,6558,興能高,28.5,29.35,28.05,28.7,259512.0
2026-03-23,TWSE,6573,虹揚-KY,13.55,14.05,13.35,13.7,130830.0
2026-03-23,TWSE,6579,研揚,112.0,116.0,112.0,115.0,141313.0
2026-03-23,TWSE,6581,鋼聯,109.0,110.5,108.5,110.0,20104.0
2026-03-23,TWSE,6582,申豐,32.7,34.65,32.55,32.9,344050.0
2026-03-23,TWSE,6585,鼎基,80.3,90.5,80.3,90.5,339363.0
2026-03-23,TWSE,6589,台康生技,55.2,57.3,53.8,56.1,633230.0
2026-03-23,TWSE,6591,動力-KY,63.4,63.4,62.0,62.5,225704.0
2026-03-23,TWSE,6592,和潤企業,62.1,65.6,62.0,63.2,5264061.0
2026-03-23,TWSE,6598,ABC-KY,24.9,24.9,24.25,24.25,113962.0
2026-03-23,TWSE,6605,帝寶,134.0,138.0,132.5,135.5,467773.0
2026-03-23,TWSE,6606,建德工業,24.4,24.4,23.9,23.95,115359.0
2026-03-23,TWSE,6614,資拓宏宇,43.3,43.3,42.05,43.0,92100.0
2026-03-23,TWSE,6625,必應,76.8,79.0,76.0,77.6,351163.0
2026-03-23,TWSE,6641,基士德-KY,18.35,18.85,18.35,18.55,23462.0
2026-03-23,TWSE,6645,金萬林-創,14.0,14.2,14.0,14.0,13339.0
2026-03-23,TWSE,6655,科定,128.5,129.0,128.5,129.0,3010.0
2026-03-23,TWSE,6657,華安,44.75,45.55,43.8,44.35,421328.0
2026-03-23,TWSE,6658,聯策,66.0,68.2,65.0,66.4,457602.0
2026-03-23,TWSE,6666,羅麗芬-KY,41.0,41.9,40.6,41.15,11116.0
2026-03-23,TWSE,6668,中揚光,33.2,34.0,32.7,32.8,320291.0
2026-03-23,TWSE,6669,緯穎,3685.0,3710.0,3640.0,3645.0,1229072.0
2026-03-23,TWSE,6670,復盛應用,273.5,280.0,273.5,277.0,385688.0
2026-03-23,TWSE,6671,三能-KY,31.4,31.4,30.35,31.0,54095.0
2026-03-23,TWSE,6672,騰輝電子-KY,120.0,128.0,116.5,118.0,18017385.0
2026-03-23,TWSE,6674,鋐寶科技,18.55,18.55,18.05,18.2,31189.0
2026-03-23,TWSE,6689,伊雲谷,79.5,87.8,79.5,85.5,3539152.0
2026-03-23,TWSE,6691,洋基工程,598.0,619.0,594.0,613.0,347485.0
2026-03-23,TWSE,6695,芯鼎,40.7,41.3,39.9,40.1,300888.0
2026-03-23,TWSE,6698,旭暉應材,31.75,32.8,31.4,31.4,253465.0
2026-03-23,TWSE,6706,惠特,114.5,118.5,113.5,114.0,2701521.0
2026-03-23,TWSE,6715,嘉基,310.0,310.0,307.5,307.5,352780.0
2026-03-23,TWSE,6719,力智,163.5,166.0,162.0,162.5,244011.0
2026-03-23,TWSE,6722,輝創,38.1,40.6,38.1,40.5,193439.0
2026-03-23,TWSE,6742,澤米,42.1,42.15,40.7,41.15,151155.0
2026-03-23,TWSE,6743,安普新,24.6,24.8,23.95,24.0,215607.0
2026-03-23,TWSE,6753,龍德造船,128.0,135.5,126.5,128.0,1241608.0
2026-03-23,TWSE,6754,匯僑設計,43.1,43.7,43.1,43.7,4070.0
2026-03-23,TWSE,6756,威鋒電子,77.0,77.0,74.6,74.6,123259.0
2026-03-23,TWSE,6757,台灣虎航,52.4,53.4,52.1,53.0,1032631.0
2026-03-23,TWSE,6768,志強-KY,90.8,94.4,90.1,92.0,348037.0
2026-03-23,TWSE,6770,力積電,71.0,72.3,68.6,69.1,243486481.0
2026-03-23,TWSE,6771,平和環保-創,44.4,44.4,44.0,44.15,7025.0
2026-03-23,TWSE,6776,展碁國際,64.6,66.7,63.6,63.9,1341247.0
2026-03-23,TWSE,6781,AES-KY,1090.0,1145.0,1055.0,1055.0,2330935.0
2026-03-23,TWSE,6782,視陽,210.0,216.0,207.0,212.5,502192.0
2026-03-23,TWSE,6789,采鈺,336.0,340.0,319.0,319.0,4330950.0
2026-03-23,TWSE,6790,永豐實,39.0,39.7,39.0,39.55,173496.0
2026-03-23,TWSE,6792,詠業,58.3,58.3,56.1,56.3,120623.0
2026-03-23,TWSE,6794,向榮生技,82.0,82.0,78.5,80.0,13002.0
2026-03-23,TWSE,6796,晉弘,72.7,73.8,71.7,71.7,118330.0
2026-03-23,TWSE,6799,來頡,77.6,81.8,77.0,78.8,109185.0
2026-03-23,TWSE,6805,富世達,1930.0,1965.0,1855.0,1865.0,1197776.0
2026-03-23,TWSE,6806,森崴能源,40.1,40.9,39.1,39.4,1134499.0
2026-03-23,TWSE,6807,峰源-KY,42.5,43.4,42.5,42.95,10075.0
2026-03-23,TWSE,6830,汎銓,438.0,470.0,436.0,456.0,524502.0
2026-03-23,TWSE,6831,邁科,336.0,356.0,328.5,332.0,1628652.0
2026-03-23,TWSE,6834,天二科技,30.1,30.9,30.1,30.35,206154.0
2026-03-23,TWSE,6835,圓裕,37.75,37.75,37.0,37.0,125234.0
2026-03-23,TWSE,6838,台新藥,26.0,26.1,25.5,25.85,123860.0
2026-03-23,TWSE,6854,錼創科技-KY創,140.0,148.5,138.0,141.5,1314969.0
2026-03-23,TWSE,6861,睿生光電,143.0,150.0,140.5,140.5,1731044.0
2026-03-23,TWSE,6862,三集瑞-KY,187.5,191.5,184.0,184.0,479061.0
2026-03-23,TWSE,6863,永道-KY,88.9,91.0,87.0,89.9,90381.0
2026-03-23,TWSE,6869,雲豹能源,94.4,95.2,91.5,91.5,1214331.0
2026-03-23,TWSE,6873,泓德能源,96.5,97.1,94.0,94.4,695950.0
2026-03-23,TWSE,6885,全福生技,23.25,23.95,23.25,23.65,282359.0
2026-03-23,TWSE,6887,寶綠特-KY,43.05,43.05,41.8,41.8,55150.0
2026-03-23,TWSE,6890,來億-KY,168.5,188.0,168.0,181.5,1734481.0
2026-03-23,TWSE,6901,鑽石投資,13.8,14.15,13.6,13.85,718518.0
2026-03-23,TWSE,6902,GOGOLOOK,76.3,76.7,74.5,76.6,55766.0
2026-03-23,TWSE,6906,現觀科,67.9,68.5,66.6,66.8,59960.0
2026-03-23,TWSE,6909,創控,44.0,44.75,42.65,42.75,694257.0
2026-03-23,TWSE,6914,阜爾運通,146.5,150.0,146.5,149.0,50899.0
2026-03-23,TWSE,6916,華凌,17.75,17.75,17.5,17.65,26587.0
2026-03-23,TWSE,6918,愛派司,84.5,85.5,83.6,84.6,66501.0
2026-03-23,TWSE,6919,康霈*,99.2,99.9,92.1,94.5,14723069.0
2026-03-23,TWSE,6921,嘉雨思-創,73.2,75.5,71.9,72.2,85057.0
2026-03-23,TWSE,6923,中台,80.1,80.5,78.1,78.7,259293.0
2026-03-23,TWSE,6924,榮惠-KY創,77.7,77.7,73.8,74.3,32000.0
2026-03-23,TWSE,6928,攸泰科技,46.0,47.5,44.55,46.0,209357.0
2026-03-23,TWSE,6931,青松健康,51.2,52.0,50.3,52.0,175361.0
2026-03-23,TWSE,6933,AMAX-KY,126.5,127.5,124.5,125.0,73108.0
2026-03-23,TWSE,6934,心誠鎂,78.0,80.2,77.1,77.8,122109.0
2026-03-23,TWSE,6936,永鴻生技,34.5,34.8,33.55,34.15,49725.0
2026-03-23,TWSE,6937,天虹,257.0,267.0,254.0,256.5,806852.0
2026-03-23,TWSE,6944,兆聯實業,806.0,810.0,783.0,789.0,1146036.0
2026-03-23,TWSE,6949,沛爾生醫-創,541.0,575.0,541.0,545.0,227700.0
2026-03-23,TWSE,6951,青新-創,78.7,79.0,77.5,78.7,65823.0
2026-03-23,TWSE,6952,大武山,39.8,39.8,39.35,39.5,40030.0
2026-03-23,TWSE,6955,邦睿生技-創,164.5,167.0,164.0,167.0,15629.0
2026-03-23,TWSE,6957,裕慶-KY,163.5,168.5,161.0,164.0,136473.0
2026-03-23,TWSE,6958,日盛台駿,17.0,17.3,16.75,17.15,67651.0
2026-03-23,TWSE,6962,奕力-KY,30.2,31.1,30.15,30.5,1958282.0
2026-03-23,TWSE,6965,中傑-KY,80.5,83.3,80.5,83.2,37809.0
2026-03-23,TWSE,6969,成信實業*-創,27.9,28.5,27.75,28.15,150123.0
2026-03-23,TWSE,6988,威力暘-創,14.25,14.7,14.25,14.3,36014.0
2026-03-23,TWSE,6994,富威電力,73.2,77.3,73.0,73.0,852987.0
2026-03-23,TWSE,7610,聯友金屬-創,309.5,326.0,307.0,324.5,919202.0
2026-03-23,TWSE,7631,聚賢研發-創,114.0,115.5,110.0,114.5,60154.0
2026-03-23,TWSE,7705,三商餐飲,35.4,35.4,34.5,34.7,62496.0
2026-03-23,TWSE,7711,永擎,273.0,288.5,266.0,288.5,2380849.0
2026-03-23,TWSE,7721,微程式,48.05,49.45,46.85,47.85,96918.0
2026-03-23,TWSE,7722,LINEPAY,314.5,344.5,310.0,326.5,268651.0
2026-03-23,TWSE,7730,暉盛-創,140.5,152.0,140.0,151.5,149088.0
2026-03-23,TWSE,7732,金興精密,35.3,36.4,35.3,36.4,8050.0
2026-03-23,TWSE,7736,虎山,83.0,84.4,82.5,82.9,1496077.0
2026-03-23,TWSE,7740,熙特爾-創,192.0,192.0,185.0,185.0,167483.0
2026-03-23,TWSE,7749,意騰-KY,405.5,408.5,397.0,399.0,225783.0
2026-03-23,TWSE,7750,新代,1240.0,1350.0,1240.0,1300.0,325361.0
2026-03-23,TWSE,7765,中華資安,226.0,227.5,220.5,223.5,88879.0
2026-03-23,TWSE,7769,鴻勁,3900.0,4030.0,3865.0,3950.0,890148.0
2026-03-23,TWSE,7780,大研生醫*,19.0,19.0,17.95,18.05,5255905.0
2026-03-23,TWSE,7786,東方風能,132.0,132.0,128.0,128.5,493624.0
2026-03-23,TWSE,7788,松川精密,146.0,149.5,142.5,143.0,400417.0
2026-03-23,TWSE,7791,皇家可口,67.2,67.2,66.0,66.0,71635.0
2026-03-23,TWSE,7795,長廣,408.0,426.5,400.0,403.5,1119097.0
2026-03-23,TWSE,7799,禾榮科,406.5,406.5,395.5,395.5,293769.0
2026-03-23,TWSE,7823,奧義賽博-KY創,81.0,82.0,80.5,80.7,20182.0
2026-03-23,TWSE,8011,台通,20.2,20.6,19.8,20.05,1041183.0
2026-03-23,TWSE,8016,矽創,196.5,199.5,194.5,195.5,337904.0
2026-03-23,TWSE,8021,尖點,252.0,256.0,238.5,238.5,11890841.0
2026-03-23,TWSE,8028,昇陽半導體,176.0,191.5,174.0,182.0,13119049.0
2026-03-23,TWSE,8033,雷虎,150.0,161.5,150.0,152.0,11773200.0
2026-03-23,TWSE,8039,台虹,111.0,114.5,109.5,109.5,10054326.0
2026-03-23,TWSE,8045,達運光電,75.3,77.1,73.6,73.6,181247.0
2026-03-23,TWSE,8046,南電,511.0,539.0,507.0,534.0,15708760.0
2026-03-23,TWSE,8070,長華*,42.15,43.8,41.8,43.4,1852778.0
2026-03-23,TWSE,8072,陞泰,27.6,27.65,27.15,27.15,133115.0
2026-03-23,TWSE,8081,致新,232.0,236.5,230.0,232.0,292140.0
2026-03-23,TWSE,8101,華冠,14.1,14.15,14.1,14.15,3921.0
2026-03-23,TWSE,8103,瀚荃,83.5,83.9,81.7,83.0,988529.0
2026-03-23,TWSE,8104,錸寶,34.55,34.6,33.25,33.3,852965.0
2026-03-23,TWSE,8105,凌巨,13.25,13.5,13.1,13.1,1568517.0
2026-03-23,TWSE,8110,華東,60.5,60.7,57.0,57.6,24422719.0
2026-03-23,TWSE,8112,至上,83.8,84.6,81.1,81.8,15190916.0
2026-03-23,TWSE,8114,振樺電,177.5,182.5,175.0,177.5,454671.0
2026-03-23,TWSE,8131,福懋科,63.7,63.7,61.3,61.8,4851638.0
2026-03-23,TWSE,8150,南茂,59.0,59.9,58.2,58.3,7131319.0
2026-03-23,TWSE,8162,微矽電子-創,37.6,39.0,37.6,38.1,176775.0
2026-03-23,TWSE,8163,達方,27.9,28.05,27.5,27.65,623340.0
2026-03-23,TWSE,8201,無敵,13.2,13.4,13.05,13.1,42120.0
2026-03-23,TWSE,8210,勤誠,890.0,904.0,884.0,893.0,1738425.0
2026-03-23,TWSE,8213,志超,32.55,33.25,32.45,32.6,451323.0
2026-03-23,TWSE,8215,明基材,26.55,27.5,24.25,24.25,11017187.0
2026-03-23,TWSE,8222,寶一,36.3,38.85,36.3,37.0,588687.0
2026-03-23,TWSE,8249,菱光,50.0,52.4,49.9,49.9,993210.0
2026-03-23,TWSE,8261,富鼎,104.0,106.5,103.0,104.0,2661609.0
2026-03-23,TWSE,8271,宇瞻,169.5,169.5,169.5,169.5,642662.0
2026-03-23,TWSE,8341,日友,75.7,76.5,75.6,75.6,240355.0
2026-03-23,TWSE,8367,建新國際,45.05,46.0,45.05,46.0,81271.0
2026-03-23,TWSE,8374,羅昇,68.5,71.9,67.1,69.0,326593.0
2026-03-23,TWSE,8404,百和興業-KY,18.85,19.2,18.85,19.0,491919.0
2026-03-23,TWSE,8411,福貞-KY,12.15,12.3,11.95,12.3,213670.0
2026-03-23,TWSE,8422,可寧衛*,28.95,30.15,28.55,28.85,16079000.0
2026-03-23,TWSE,8429,金麗-KY,7.07,7.07,6.83,6.92,520466.0
2026-03-23,TWSE,8438,昶昕,63.2,67.9,61.9,61.9,2110687.0
2026-03-23,TWSE,8442,威宏-KY,51.1,53.5,51.1,52.0,150989.0
2026-03-23,TWSE,8443,阿瘦,11.8,11.8,11.75,11.75,27196.0
2026-03-23,TWSE,8454,富邦媒,173.5,174.5,172.5,173.5,392914.0
2026-03-23,TWSE,8462,柏文,141.0,144.0,140.5,141.5,214834.0
2026-03-23,TWSE,8463,潤泰材,23.55,23.55,22.6,22.95,314683.0
2026-03-23,TWSE,8464,億豐,371.0,384.0,370.5,378.5,460649.0
2026-03-23,TWSE,8466,美吉吉-KY,18.35,18.75,18.15,18.2,84057.0
2026-03-23,TWSE,8467,波力-KY,151.0,154.5,148.5,154.5,23229.0
2026-03-23,TWSE,8473,山林水,39.25,40.1,39.0,39.4,1136272.0
2026-03-23,TWSE,8476,台境*,19.4,20.7,19.2,19.95,1103817.0
2026-03-23,TWSE,8478,東哥遊艇,162.0,166.0,160.5,161.0,142500.0
2026-03-23,TWSE,8481,政伸,41.5,41.9,41.5,41.5,31085.0
2026-03-23,TWSE,8482,商億-KY,46.5,46.7,45.75,46.05,13018.0
2026-03-23,TWSE,8487,愛爾達-創,78.0,79.1,78.0,79.1,4376.0
2026-03-23,TWSE,8488,吉源-KY,9.98,10.1,9.74,9.74,228000.0
2026-03-23,TWSE,8499,鼎炫-KY,262.0,263.5,252.0,252.0,138780.0
2026-03-23,TWSE,8926,台汽電,45.6,46.5,45.3,45.8,1656547.0
2026-03-23,TWSE,8940,新天地,19.5,19.5,18.45,18.45,48175.0
2026-03-23,TWSE,8996,高力,820.0,833.0,820.0,820.0,3506645.0
2026-03-23,TWSE,9103,美德醫療-DR,5.34,5.45,5.16,5.16,1457461.0
2026-03-23,TWSE,9105,泰金寶-DR,5.58,5.6,5.51,5.54,8611785.0
2026-03-23,TWSE,9110,越南控-DR,3.1,3.15,3.1,3.15,12000.0
2026-03-23,TWSE,9136,巨騰-DR,10.95,11.5,10.6,10.95,6187712.0
2026-03-23,TWSE,9802,鈺齊-KY,79.1,81.0,78.1,80.3,1085140.0
2026-03-23,TWSE,9902,台火,14.4,14.75,14.2,14.45,223931.0
2026-03-23,TWSE,9904,寶成,28.1,28.5,28.05,28.35,6817289.0
2026-03-23,TWSE,9905,大華,20.7,20.85,20.6,20.8,90274.0
2026-03-23,TWSE,9906,欣巴巴,39.95,40.5,38.95,40.25,384924.0
2026-03-23,TWSE,9907,統一實,17.8,17.95,17.7,17.85,2824369.0
2026-03-23,TWSE,9908,大台北,30.7,31.1,29.95,29.95,2125244.0
2026-03-23,TWSE,9910,豐泰,79.3,81.2,78.7,79.2,1600616.0
2026-03-23,TWSE,9911,櫻花,90.5,91.2,88.8,90.1,307218.0
2026-03-23,TWSE,9912,偉聯,12.6,12.6,12.45,12.6,38865.0
2026-03-23,TWSE,9914,美利達,67.1,70.2,67.0,68.5,1395070.0
2026-03-23,TWSE,9917,中保科,112.0,112.5,111.5,111.5,441928.0
2026-03-23,TWSE,9918,欣天然,51.3,51.3,50.0,51.3,1716925.0
2026-03-23,TWSE,9919,康那香,15.5,16.6,15.4,16.2,2363389.0
2026-03-23,TWSE,9921,巨大,71.0,73.8,70.1,73.2,2271729.0
2026-03-23,TWSE,9924,福興,44.65,45.15,44.3,45.15,94140.0
2026-03-23,TWSE,9925,新保,40.65,40.7,40.5,40.6,349685.0
2026-03-23,TWSE,9926,新海,51.0,51.7,50.0,50.1,438759.0
2026-03-23,TWSE,9927,泰銘,67.0,67.3,66.2,67.1,124239.0
2026-03-23,TWSE,9928,中視,17.65,17.95,17.65,17.9,53524.0
2026-03-23,TWSE,9929,秋雨,15.0,15.0,13.5,13.9,122903.0
2026-03-23,TWSE,9930,中聯資源,69.1,69.9,69.0,69.2,181188.0
2026-03-23,TWSE,9931,欣高,43.1,43.1,41.55,43.1,1796407.0
2026-03-23,TWSE,9933,中鼎,34.2,34.8,33.75,34.65,8882719.0
2026-03-23,TWSE,9934,成霖,9.49,9.51,9.41,9.47,454402.0
2026-03-23,TWSE,9935,慶豐富,19.4,20.0,19.35,19.65,260026.0
2026-03-23,TWSE,9937,全國,56.1,57.0,56.0,56.6,199929.0
2026-03-23,TWSE,9938,百和,47.25,47.45,46.85,46.9,2116484.0
2026-03-23,TWSE,9939,宏全,115.0,116.0,114.5,115.0,1474010.0
2026-03-23,TWSE,9940,信義,19.8,20.05,19.6,20.0,506735.0
2026-03-23,TWSE,9941,裕融,76.9,77.9,75.7,77.9,4676321.0
2026-03-23,TWSE,9942,茂順,114.0,114.5,113.0,114.0,105445.0
2026-03-23,TWSE,9943,好樂迪,58.6,58.6,58.1,58.2,67083.0
2026-03-23,TWSE,9944,新麗,16.2,16.5,16.15,16.2,45303.0
2026-03-23,TWSE,9945,潤泰新,25.55,25.6,24.9,24.95,13501312.0
2026-03-23,TWSE,9946,三發地產,18.1,18.75,18.05,18.5,360778.0
2026-03-23,TWSE,9955,佳龍,32.3,32.3,31.0,31.05,851566.0
2026-03-23,TWSE,9958,世紀鋼,124.0,125.5,120.0,121.0,2182219.0
